"","Id","Sex","Forearm","Weight","Age","Date","Pos","Para"
"1","fb_1","f",68,46.55,"one","1/11/2015",0,0
"2","fb_2","f",65.12,39.59,"0.82","1/12/2015",1,38
"3","fb_3","f",65.41,40.42,"0.87","1/13/2015",0,0
"4","fb_4","f",66.08,42.23,"0.88","1/14/2015",0,0
"5","fb_5","f",66.09,42.63,"0.89","1/15/2015",0,0
"6","fb_6","f",66.32,43.67,"0.89","1/16/2015",0,0
"7","fb_7","f",66.72,44.09,"0.9","1/17/2015",0,0
"8","fb_8","f",66.88,44.16,"0.93","1/18/2015",0,0
"9","fb_9","f",66.95,44.66,"0.95","1/19/2015",0,0
"10","fb_10","f",67.16,45.06,"0.96","1/20/2015",0,0
"11","fb_11","f",67.23,45.58,"0.96","1/11/2015",0,0
"12","fb_12","f",67.33,45.81,"0.96","1/12/2015",0,0
"13","fb_13","f",67.4,46.06,"0.97","1/13/2015",0,0
"14","fb_14","f",67.43,46.25,"0.97","1/14/2015",0,0
"15","fb_15","f",67.66,46.32,"0.98","1/15/2015",0,0
"16","fb_16","f",67.9,46.51,"0.99","1/16/2015",1,21
"17","fb_17","f",67.93,46.53,"1","1/17/2015",0,0
"18","fb_18","f",67.98,46.6,"1.01","1/18/2015",0,0
"19","fb_19","f",68.63,46.61,"1.02","1/19/2015",0,0
"20","fb_20","f",68.76,NA,"1.03","1/20/2015",0,0
"21","fb_21","f",68.83,47.27,"1.04","1/11/2015",0,0
"22","fb_22","f",68.88,48.22,"1.04","1/12/2015",0,0
"23","fb_23","f",69.06,48.32,"1.05","1/13/2015",0,0
"24","fb_24","f",69.29,48.53,"1.05","1/14/2015",0,0
"25","fb_25","f",69.33,48.56,"1.06","1/15/2015",0,0
"26","fb_26","f",69.37,48.7,"1.06","1/16/2015",0,0
"27","fb_27","f",69.39,48.73,"1.07","1/17/2015",1,7
"28","fb_28","f",69.55,48.82,"1.07","1/18/2015",0,0
"29","fb_29","f",69.57,48.83,"1.07","1/19/2015",1,7
"30","fb_30","f",69.58,48.84,"1.07","1/20/2015",0,0
"31","fb_31","f",69.59,49.46,"1.08","1/11/2015",0,0
"32","fb_32","f",69.62,50.05,"1.08","1/12/2015",0,0
"33","fb_33","f",69.7,50.06,"1.09","1/13/2015",0,0
"34","fb_34","f",70.21,50.34,"1.1","1/14/2015",0,0
"35","fb_35","f",70.47,50.36,"1.1","1/15/2015",0,0
"36","fb_36","f",70.51,50.57,"1.1","1/16/2015",0,0
"37","fb_37","f",70.75,50.73,"1.11","1/17/2015",0,0
"38","fb_38","f",71.21,50.79,"1.22","1/18/2015",0,0
"39","fb_39","f",72.08,50.87,"1.23","1/19/2015",0,0
"40","fb_40","f",72.16,52.55,"1.24","1/20/2015",0,0
"41","fb_41","m",69.68,57.81,"0.81","1/11/2015",0,0
"42","fb_42","m",70.46,57.83,"0.82","1/12/2015",1,41
"43","fb_43","m",70.57,58,"0.82","1/13/2015",0,0
"44","fb_44","m",70.71,58.35,"0.83","1/14/2015",0,0
"45","fb_45","m",70.73,58.72,"0.86","1/15/2015",0,0
"46","fb_46","m",70.93,58.75,"0.87","1/16/2015",0,0
"47","fb_47","m",70.96,NA,"0.9","1/17/2015",0,0
"48","fb_48","m",71.12,59.28,"0.94","1/18/2015",0,0
"49","fb_49","m",71.19,60.1,"0.94","1/19/2015",0,0
"50","fb_50","m",71.22,60.49,"0.95","1/20/2015",1,19
"51","fb_51","m",71.24,60.72,"0.96","1/11/2015",0,0
"52","fb_52","m",71.36,61.02,"0.97","1/12/2015",0,0
"53","fb_53","m",71.45,61.17,"1.02","1/13/2015",0,0
"54","fb_54","m",71.51,61.29,"1.03","1/14/2015",0,0
"55","fb_55","m",71.6,61.62,"1.04","1/15/2015",0,0
"56","fb_56","m",71.72,62.24,"1.05","1/16/2015",0,0
"57","fb_57","m",71.81,62.4,"1.06","1/17/2015",0,0
"58","fb_58","m",71.83,62.88,"1.07","1/18/2015",0,0
"59","fb_59","m",71.93,63.41,"1.07","1/19/2015",0,0
"60","fb_60","m",71.93,63.52,"1.08","1/20/2015",0,0
"61","fb_61","m",72.37,63.61,"1.1","1/11/2015",1,9
"62","fb_62","m",72.37,63.73,"1.14","1/12/2015",0,0
"63","fb_63","m",72.37,64.07,"1.16","1/13/2015",0,0
"64","fb_64","m",72.6,64.73,"1.17","1/14/2015",0,0
"65","fb_65","m",72.68,66.05,"1.22","1/15/2015",0,0
"66","fb_66","f",41.04,17.87,"0.07","1/16/2015",0,0
"67","fb_67","f",42.03,18.06,"0.1","1/17/2015",0,0
"68","fb_68","f",43.28,18.33,"0.1","1/18/2015",0,0
"69","fb_69","f",43.42,18.58,"1","1/19/2015",0,0
"70","fb_70","f",43.62,19.31,"0.1","1/20/2015",0,0
"71","fb_71","f",43.69,19.45,"0.11","1/11/2015",0,0
"72","fb_72","f",43.81,19.52,"0.11","1/12/2015",0,0
"73","fb_73","f",43.96,19.53,"0.11","1/13/2015",0,0
"74","fb_74","f",44.11,19.55,"0.11","1/14/2015",0,0
"75","fb_75","f",44.27,NA,"0.12","1/15/2015",0,0
"76","fb_76","f",44.55,19.58,"0.12","1/16/2015",0,0
"77","fb_77","f",44.67,19.7,"0.13","1/17/2015",0,0
"78","fb_78","f",44.78,19.87,"0.14","1/18/2015",1,3
"79","fb_79","f",45.01,19.9,"0.14","1/19/2015",0,0
"80","fb_80","f",45.07,20.03,"0.14","1/20/2015",0,0
"81","fb_81","f",45.18,20.06,"0.15","1/11/2015",0,0
"82","fb_82","f",45.39,20.37,"0.15","1/12/2015",0,0
"83","fb_83","f",45.95,20.53,"0.15","1/13/2015",0,0
"84","fb_84","f",46,20.56,"0.16","1/14/2015",0,0
"85","fb_85","f",46.72,21.5,"0.16","1/15/2015",0,0
"86","fb_86","m",41.33,14.2,"0.07","1/16/2015",0,0
"87","fb_87","m",42.78,17.69,"0.09","1/17/2015",0,0
"88","fb_88","m",43.03,18.09,"0.1","1/18/2015",0,0
"89","fb_89","m",43.04,18.36,"0.1","1/19/2015",0,0
"90","fb_90","m",43.09,18.74,"0.1","1/20/2015",0,0
"91","fb_91","m",43.21,18.75,"0.11","1/11/2015",0,0
"92","fb_92","m",43.24,18.83,"0.11","1/12/2015",0,0
"93","fb_93","m",43.7,19.34,"0.11","1/13/2015",0,0
"94","fb_94","m",44.81,19.89,"0.12","1/14/2015",0,0
"95","fb_95","m",44.92,19.94,"0.12","1/15/2015",0,0
"96","fb_96","m",45.09,20.34,"0.12","1/16/2015",0,0
"97","fb_97","m",45.33,20.92,"0.13","1/17/2015",0,0
"98","fb_98","m",45.54,21.12,"0.14","1/18/2015",0,0
"99","fb_99","m",45.58,21.65,"0.14","1/19/2015",0,0
"100","fb_100","m",46.18,22.18,"0.15","1/20/2015",0,0
"101","fb_101","f",67.65,42.74,"0.89","2/10/2015",1,23
"102","fb_102","f",68.75,43.75,"0.93","2/11/2015",0,0
"103","fb_103","f",69.04,44.58,"0.98","2/12/2015",0,0
"104","fb_104","f",69.71,46.39,"0.99","2/13/2015",0,0
"105","fb_105","f",69.72,46.79,"1","2/14/2015",0,0
"106","fb_106","f",69.95,47.83,"1.01","2/15/2015",1,8
"107","fb_107","f",70.35,48.25,"1.01","2/16/2015",0,0
"108","fb_108","f",70.51,48.32,"1.04","2/17/2015",0,0
"109","fb_109","f",70.58,48.82,"1.06","2/18/2015",0,0
"110","fb_110","f",70.79,49.22,"1.07","2/19/2015",0,0
"111","fb_111","f",70.86,49.74,"1.07","2/10/2015",0,0
"112","fb_112","f",70.96,49.97,"1.08","2/11/2015",0,0
"113","fb_113","f",71.03,50.22,"1.08","2/12/2015",0,0
"114","fb_114","f",71.06,50.41,"1.08","2/13/2015",0,0
"115","fb_115","f",71.29,50.48,"1.09","2/14/2015",0,0
"116","fb_116","f",71.53,50.67,"1.1","2/15/2015",0,0
"117","fb_117","f",71.56,50.69,"1.11","2/16/2015",0,0
"118","fb_118","f",69.51,48.83,"1.12","2/17/2015",0,0
"119","fb_119","f",70.16,48.84,"1.14","2/18/2015",0,0
"120","fb_120","f",70.29,49.05,"1.14","2/19/2015",1,12
"121","fb_121","f",70.36,49.5,"1.15","2/10/2015",0,0
"122","fb_122","f",70.41,50.45,"1.16","2/11/2015",0,0
"123","fb_123","f",70.59,50.55,"1.16","2/12/2015",0,0
"124","fb_124","f",70.82,50.76,"1.16","2/13/2015",0,0
"125","fb_125","f",70.86,50.79,"1.17","2/14/2015",1,13
"126","fb_126","f",70.9,50.93,"1.17","2/15/2015",1,13
"127","fb_127","f",70.92,50.96,"1.18","2/16/2015",0,0
"128","fb_128","f",71.08,51.05,"1.18","2/17/2015",0,0
"129","fb_129","f",71.1,51.06,"1.18","2/18/2015",0,0
"130","fb_130","f",71.11,51.07,"1.19","2/19/2015",0,0
"131","fb_131","f",71.12,51.69,"1.19","2/10/2015",0,0
"132","fb_132","f",71.15,52.28,"1.19","2/11/2015",0,0
"133","fb_133","f",71.23,52.29,"1.2","2/12/2015",0,0
"134","fb_134","f",71.74,52.57,"1.21","2/13/2015",1,11
"135","fb_135","f",72,52.59,"1.21","2/14/2015",0,0
"136","fb_136","f",72.04,52.8,"1.22","2/15/2015",0,0
"137","fb_137","f",72.28,52.96,"1.22","2/16/2015",0,0
"138","fb_138","f",72.54,52.82,"1.33","2/17/2015",0,0
"139","fb_139","f",73.21,52.7,"1.34","2/18/2015",0,0
"140","fb_140","f",73.29,54.38,"1.36","2/19/2015",0,0
"141","fb_141","m",73.38,62.31,"0.93","2/10/2015",0,0
"142","fb_142","m",74.16,62.33,"0.93","2/11/2015",0,0
"143","fb_143","m",74.27,62.5,"0.93","2/12/2015",0,0
"144","fb_144","m",74.41,62.85,"0.94","2/13/2015",0,0
"145","fb_145","m",74.43,63.22,"0.97","2/14/2015",0,0
"146","fb_146","m",74.63,63.25,"0.98","2/15/2015",0,0
"147","fb_147","m",74.66,63.63,"1.01","2/16/2015",1,4
"148","fb_148","m",74.82,63.78,"1.05","2/17/2015",0,0
"149","fb_149","m",74.89,64.6,"1.05","2/18/2015",0,0
"150","fb_150","m",74.92,64.99,"1.07","2/19/2015",0,0
"151","fb_151","m",74.94,65.22,"1.07","2/10/2015",0,0
"152","fb_152","m",75.06,65.52,"1.08","2/11/2015",0,0
"153","fb_153","m",75.15,65.67,"1.13","2/12/2015",0,0
"154","fb_154","m",75.21,65.79,"1.14","2/13/2015",0,0
"155","fb_155","m",75.3,66.12,"1.16","2/14/2015",0,0
"156","fb_156","m",75.42,66.74,"1.16","2/15/2015",0,0
"157","fb_157","m",75.51,66.9,"1.18","2/16/2015",1,7
"158","fb_158","m",75.53,67.38,"1.18","2/17/2015",0,0
"159","fb_159","m",75.63,67.91,"1.18","2/18/2015",0,0
"160","fb_160","m",75.63,68.02,"1.2","2/19/2015",0,0
"161","fb_161","m",76.07,68.11,"1.21","2/10/2015",0,0
"162","fb_162","m",75.87,67.73,"1.25","2/11/2015",0,0
"163","fb_163","m",75.87,68.07,"1.27","2/12/2015",0,0
"164","fb_164","m",76.1,68.73,"1.28","2/13/2015",0,0
"165","fb_165","m",76.18,70.05,"1.33","2/14/2015",0,0
"166","fb_166","f",44.67,22.03,"0.19","2/15/2015",0,0
"167","fb_167","f",45.66,22.22,"0.21","2/16/2015",0,0
"168","fb_168","f",46.91,22.49,"0.21","2/17/2015",0,0
"169","fb_169","f",47.05,22.74,"0.21","2/18/2015",0,0
"170","fb_170","f",47.25,23.47,"0.22","2/19/2015",0,0
"171","fb_171","f",47.32,23.61,"0.22","2/10/2015",0,0
"172","fb_172","f",47.44,23.68,"0.22","2/11/2015",0,0
"173","fb_173","f",47.59,23.69,"0.22","2/12/2015",0,0
"174","fb_174","f",47.74,23.71,"0.22","2/13/2015",0,0
"175","fb_175","f",47.9,23.73,"0.23","2/14/2015",0,0
"176","fb_176","f",48.18,23.74,"0.23","2/15/2015",0,0
"177","fb_177","f",48.3,23.86,"0.24","2/16/2015",0,0
"178","fb_178","f",48.41,24.03,"0.25","2/17/2015",0,0
"179","fb_179","f",48.64,24.06,"0.25","2/18/2015",0,0
"180","fb_180","f",48.7,24.19,"0.26","2/19/2015",0,0
"181","fb_181","f",48.81,24.22,"0.26","2/10/2015",0,0
"182","fb_182","f",49.02,24.53,"0.26","2/11/2015",0,0
"183","fb_183","f",49.58,24.69,"0.27","2/12/2015",0,0
"184","fb_184","f",49.63,24.72,"0.27","2/13/2015",0,0
"185","fb_185","f",50.35,25.66,"0.27","2/14/2015",0,0
"186","fb_186","m",45.03,18.7,"0.18","2/15/2015",0,0
"187","fb_187","m",46.48,22.19,"0.21","2/16/2015",0,0
"188","fb_188","m",46.73,22.59,"0.21","2/17/2015",0,0
"189","fb_189","m",46.74,22.86,"0.21","2/18/2015",0,0
"190","fb_190","m",46.79,23.24,"0.21","2/19/2015",0,0
"191","fb_191","m",46.91,23.25,"0.22","2/10/2015",0,0
"192","fb_192","m",46.94,23.33,"0.22","2/11/2015",0,0
"193","fb_193","m",47.4,23.84,"0.22","2/12/2015",0,0
"194","fb_194","m",48.51,24.39,"0.23","2/13/2015",0,0
"195","fb_195","m",48.62,24.44,"0.23","2/14/2015",0,0
"196","fb_196","m",48.79,24.84,"0.23","2/15/2015",0,0
"197","fb_197","m",49.03,25.42,"0.24","2/16/2015",0,0
"198","fb_198","m",49.24,25.62,"0.25","2/17/2015",0,0
"199","fb_199","m",49.28,26.15,"0.25","2/18/2015",0,0
"200","fb_200","m",49.88,26.68,"0.26","2/19/2015",0,0
"201","fb_201","f",48.3,26.19,"0.3","3/12/2015",1,92
"202","fb_202","f",49.29,26.38,"0.32","3/13/2015",1,0
"203","fb_203","f",50.54,26.65,"0.32","3/14/2015",1,71
"204","fb_204","f",50.68,26.9,"0.32","3/15/2015",1,94
"205","fb_205","f",50.88,27.63,"0.33","3/16/2015",1,93
"206","fb_206","f",50.95,27.77,"0.33","3/17/2015",1,79
"207","fb_207","f",51.07,27.84,"0.33","3/18/2015",1,104
"208","fb_208","f",51.22,27.85,"0.33","3/19/2015",1,0
"209","fb_209","f",51.37,27.87,"0.33","3/20/2015",1,0
"210","fb_210","f",51.53,27.89,"0.34","3/21/2015",1,0
"211","fb_211","f",51.81,27.9,"0.34","3/12/2015",1,0
"212","fb_212","f",51.93,28.02,"0.35","3/13/2015",1,98
"213","fb_213","f",52.04,28.19,"0.36","3/14/2015",1,0
"214","fb_214","f",52.27,28.22,"0.36","3/15/2015",1,95
"215","fb_215","f",52.33,28.35,"0.37","3/16/2015",1,0
"216","fb_216","f",52.44,28.38,"0.37","3/17/2015",1,0
"217","fb_217","f",52.65,28.69,"0.37","3/18/2015",1,0
"218","fb_218","f",53.21,28.85,"0.38","3/19/2015",1,0
"219","fb_219","f",53.26,28.88,"0.38","3/20/2015",1,92
"220","fb_220","f",53.98,29.82,"0.38","3/21/2015",1,0
"221","fb_221","f",70.84,46.9,"1","3/12/2015",0,0
"222","fb_222","f",71.28,47.91,"1.04","3/13/2015",0,0
"223","fb_223","f",71.48,48.74,"1.09","3/14/2015",0,0
"224","fb_224","f",71.49,50.06,"1.1","3/15/2015",0,0
"225","fb_225","f",71.62,50.48,"1.11","3/16/2015",0,0
"226","fb_226","f",71.69,50.55,"1.12","3/17/2015",0,0
"227","fb_227","f",71.74,50.55,"1.12","3/18/2015",1,9
"228","fb_228","f",71.88,50.86,"1.15","3/19/2015",0,0
"229","fb_229","f",71.92,50.87,"1.17","3/20/2015",0,0
"230","fb_230","f",72.04,50.95,"1.19","3/21/2015",0,0
"231","fb_231","f",72.11,51.05,"1.19","3/12/2015",0,0
"232","fb_232","f",72.15,51.08,"1.19","3/13/2015",0,0
"233","fb_233","f",72.19,51.45,"1.19","3/14/2015",0,0
"234","fb_234","f",72.23,51.53,"1.19","3/15/2015",0,0
"235","fb_235","f",72.25,51.97,"1.21","3/16/2015",0,0
"236","fb_236","f",72.32,52.2,"1.21","3/17/2015",0,0
"237","fb_237","f",72.38,52.45,"1.22","3/18/2015",0,0
"238","fb_238","f",72.39,52.48,"1.23","3/19/2015",0,0
"239","fb_239","f",72.41,52.58,"1.25","3/20/2015",0,0
"240","fb_240","f",72.43,52.64,"1.25","3/21/2015",0,0
"241","fb_241","f",72.44,52.71,"1.26","3/12/2015",0,0
"242","fb_242","f",72.45,52.79,"1.27","3/13/2015",0,0
"243","fb_243","f",72.48,52.82,"1.27","3/14/2015",0,0
"244","fb_244","f",72.49,52.9,"1.27","3/15/2015",0,0
"245","fb_245","f",72.56,52.92,"1.28","3/16/2015",0,0
"246","fb_246","f",72.56,52.96,"1.28","3/17/2015",1,17
"247","fb_247","f",72.59,52.99,"1.29","3/18/2015",1,11
"248","fb_248","f",72.67,53.08,"1.29","3/19/2015",0,0
"249","fb_249","f",72.82,53.09,"1.29","3/20/2015",0,0
"250","fb_250","f",73.06,53.1,"1.3","3/21/2015",0,0
"251","fb_251","f",73.07,53.72,"1.3","3/12/2015",0,0
"252","fb_252","f",73.09,54.31,"1.3","3/13/2015",0,0
"253","fb_253","f",73.33,54.32,"1.31","3/14/2015",0,0
"254","fb_254","f",73.34,54.33,"1.32","3/15/2015",0,0
"255","fb_255","f",73.35,54.6,"1.32","3/16/2015",0,0
"256","fb_256","f",73.37,54.62,"1.33","3/17/2015",1,5
"257","fb_257","f",73.61,54.65,"1.33","3/18/2015",0,0
"258","fb_258","f",73.67,54.83,"1.44","3/19/2015",0,0
"259","fb_259","f",74.14,54.99,"1.45","3/20/2015",0,0
"260","fb_260","f",74.22,56.01,"1.47","3/21/2015",0,0
"261","fb_261","m",77.08,66.81,"1.04","3/12/2015",0,0
"262","fb_262","m",77.86,66.83,"1.04","3/13/2015",0,0
"263","fb_263","m",77.97,67,"1.04","3/14/2015",0,0
"264","fb_264","m",78.11,67.35,"1.05","3/15/2015",0,0
"265","fb_265","m",78.13,67.72,"1.08","3/16/2015",0,0
"266","fb_266","m",78.33,67.75,"1.09","3/17/2015",0,0
"267","fb_267","m",78.36,68.13,"1.12","3/18/2015",0,0
"268","fb_268","m",78.52,68.28,"1.16","3/19/2015",1,14
"269","fb_269","m",78.59,69.1,"1.16","3/20/2015",0,0
"270","fb_270","m",78.62,69.49,"1.18","3/21/2015",0,0
"271","fb_271","m",78.64,69.72,"1.18","3/12/2015",0,0
"272","fb_272","m",78.76,70.02,"1.19","3/13/2015",0,0
"273","fb_273","m",78.65,69.67,"1.24","3/14/2015",0,0
"274","fb_274","m",78.71,69.79,"1.25","3/15/2015",0,0
"275","fb_275","m",78.8,70.12,"1.27","3/16/2015",0,0
"276","fb_276","m",78.92,70.74,"1.27","3/17/2015",1,14
"277","fb_277","m",79.01,70.9,"1.29","3/18/2015",0,0
"278","fb_278","m",79.03,71.38,"1.29","3/19/2015",0,0
"279","fb_279","m",79.13,71.91,"1.29","3/20/2015",0,0
"280","fb_280","m",79.13,72.02,"1.31","3/21/2015",0,0
"281","fb_281","m",79.57,72.11,"1.32","3/12/2015",0,0
"282","fb_282","m",79.17,71.53,"1.36","3/13/2015",0,0
"283","fb_283","m",79.17,71.87,"1.38","3/14/2015",0,0
"284","fb_284","m",79.4,72.53,"1.39","3/15/2015",0,0
"285","fb_285","m",79.48,73.85,"1.44","3/16/2015",0,0
"286","fb_286","m",48.73,23.2,"0.29","3/17/2015",1,82
"287","fb_287","m",50.18,26.69,"0.32","3/18/2015",1,85
"288","fb_288","m",50.43,27.09,"0.32","3/19/2015",1,0
"289","fb_289","m",50.44,27.36,"0.32","3/20/2015",1,92
"290","fb_290","m",50.49,27.74,"0.33","3/21/2015",1,0
"291","fb_291","m",50.61,27.75,"0.33","3/12/2015",1,0
"292","fb_292","m",50.64,27.83,"0.33","3/13/2015",1,87
"293","fb_293","m",51.1,28.34,"0.33","3/14/2015",1,85
"294","fb_294","m",52.21,28.89,"0.34","3/15/2015",1,97
"295","fb_295","m",52.32,28.94,"0.34","3/16/2015",1,89
"296","fb_296","m",52.49,29.34,"0.34","3/17/2015",1,89
"297","fb_297","m",52.73,29.92,"0.35","3/18/2015",1,101
"298","fb_298","m",52.94,30.12,"0.36","3/19/2015",0,0
"299","fb_299","m",52.98,30.65,"0.36","3/20/2015",0,0
"300","fb_300","m",53.58,31.18,"0.37","3/21/2015",0,0
"301","fb_301","f",51.93,30.35,"0.41","4/11/2015",1,79
"302","fb_302","f",52.92,30.54,"0.43","4/12/2015",1,95
"303","fb_303","f",54.17,30.81,"0.43","4/13/2015",1,95
"304","fb_304","f",54.31,31.06,"0.43","4/14/2015",1,0
"305","fb_305","f",54.51,31.79,"0.44","4/15/2015",1,0
"306","fb_306","f",54.58,31.93,"0.44","4/16/2015",1,0
"307","fb_307","f",54.7,32,"0.44","4/17/2015",1,0
"308","fb_308","f",54.85,32.01,"0.44","4/18/2015",1,0
"309","fb_309","f",55,32.03,"0.45","4/19/2015",1,0
"310","fb_310","f",55.16,32.05,"0.45","4/20/2015",1,0
"311","fb_311","f",55.44,32.06,"0.45","4/11/2015",1,0
"312","fb_312","f",55.56,32.18,"0.46","4/12/2015",1,97
"313","fb_313","f",55.67,32.35,"0.47","4/13/2015",1,0
"314","fb_314","f",55.9,32.38,"0.48","4/14/2015",1,92
"315","fb_315","f",55.96,32.51,"0.48","4/15/2015",0,0
"316","fb_316","f",56.07,32.54,"0.48","4/16/2015",1,82
"317","fb_317","f",56.28,32.85,"0.48","4/17/2015",1,100
"318","fb_318","f",56.84,33.01,"0.49","4/18/2015",0,0
"319","fb_319","f",56.89,33.04,"0.49","4/19/2015",1,93
"320","fb_320","f",57.61,33.98,"0.49","4/20/2015",0,0
"321","fb_321","f",71.97,49.13,"1.11","4/11/2015",0,0
"322","fb_322","f",72.62,50.14,"1.15","4/12/2015",0,0
"323","fb_323","f",72.75,50.97,"1.21","4/13/2015",0,0
"324","fb_324","f",72.81,52.09,"1.21","4/14/2015",0,0
"325","fb_325","f",72.81,52.51,"1.22","4/15/2015",0,0
"326","fb_326","f",72.82,52.58,"1.23","4/16/2015",0,0
"327","fb_327","f",72.87,52.69,"1.23","4/17/2015",0,0
"328","fb_328","f",73.05,52.7,"1.26","4/18/2015",0,0
"329","fb_329","f",73.21,52.78,"1.28","4/19/2015",0,0
"330","fb_330","f",73.28,52.91,"1.3","4/20/2015",0,0
"331","fb_331","f",73.32,53.08,"1.3","4/11/2015",0,0
"332","fb_332","f",73.36,53.18,"1.3","4/12/2015",0,0
"333","fb_333","f",73.37,53.36,"1.3","4/13/2015",0,0
"334","fb_334","f",73.38,53.48,"1.3","4/14/2015",0,0
"335","fb_335","f",73.44,54,"1.32","4/15/2015",0,0
"336","fb_336","f",73.54,54.23,"1.32","4/16/2015",0,0
"337","fb_337","f",73.56,54.31,"1.33","4/17/2015",0,0
"338","fb_338","f",73.57,54.41,"1.34","4/18/2015",0,0
"339","fb_339","f",73.58,54.48,"1.36","4/19/2015",0,0
"340","fb_340","f",73.61,54.62,"1.37","4/20/2015",0,0
"341","fb_341","f",73.65,54.65,"1.37","4/11/2015",0,0
"342","fb_342","f",73.69,54.67,"1.38","4/12/2015",0,0
"343","fb_343","f",73.72,54.74,"1.38","4/13/2015",0,0
"344","fb_344","f",73.82,54.79,"1.38","4/14/2015",0,0
"345","fb_345","f",73.89,54.82,"1.39","4/15/2015",0,0
"346","fb_346","f",73.91,54.91,"1.39","4/16/2015",0,0
"347","fb_347","f",73.92,54.92,"1.4","4/17/2015",0,0
"348","fb_348","f",74.15,54.93,"1.4","4/18/2015",0,0
"349","fb_349","f",74.2,54.93,"1.4","4/19/2015",0,0
"350","fb_350","f",74.2,54.95,"1.41","4/20/2015",0,0
"351","fb_351","f",74.39,55.55,"1.41","4/11/2015",0,0
"352","fb_352","f",74.42,55.76,"1.41","4/12/2015",0,0
"353","fb_353","f",74.46,56.14,"1.42","4/13/2015",0,0
"354","fb_354","f",74.5,56.15,"1.43","4/14/2015",0,0
"355","fb_355","f",74.6,56.28,"1.44","4/15/2015",0,0
"356","fb_356","f",74.74,56.43,"1.44","4/16/2015",0,0
"357","fb_357","f",74.87,56.45,"1.44","4/17/2015",0,0
"358","fb_358","f",74.87,56.66,"1.55","4/18/2015",0,0
"359","fb_359","f",74.88,56.82,"1.57","4/19/2015",0,0
"360","fb_360","f",74.95,57.44,"1.58","4/20/2015",0,0
"361","fb_361","m",80.78,71.31,"1.15","4/11/2015",1,9
"362","fb_362","m",81.56,71.33,"1.15","4/12/2015",0,0
"363","fb_363","m",81.67,71.5,"1.16","4/13/2015",0,0
"364","fb_364","m",81.81,71.85,"1.17","4/14/2015",0,0
"365","fb_365","m",81.83,72.22,"1.19","4/15/2015",1,9
"366","fb_366","m",82.03,72.25,"1.2","4/16/2015",0,0
"367","fb_367","m",81.86,72.13,"1.23","4/17/2015",0,0
"368","fb_368","m",82.02,72.28,"1.27","4/18/2015",0,0
"369","fb_369","m",82.09,73.1,"1.27","4/19/2015",0,0
"370","fb_370","m",82.12,73.49,"1.29","4/20/2015",0,0
"371","fb_371","m",82.14,73.72,"1.29","4/11/2015",1,9
"372","fb_372","m",82.26,74.02,"1.3","4/12/2015",0,0
"373","fb_373","m",81.95,73.47,"1.35","4/13/2015",0,0
"374","fb_374","m",82.01,73.59,"1.36","4/14/2015",0,0
"375","fb_375","m",82.1,73.92,"1.38","4/15/2015",0,0
"376","fb_376","m",82.22,74.54,"1.38","4/16/2015",0,0
"377","fb_377","m",82.31,74.7,"1.4","4/17/2015",0,0
"378","fb_378","m",82.33,75.18,"1.4","4/18/2015",0,0
"379","fb_379","m",82.43,75.71,"1.4","4/19/2015",0,0
"380","fb_380","m",82.43,75.82,"1.42","4/20/2015",0,0
"381","fb_381","m",82.87,75.91,"1.43","4/11/2015",0,0
"382","fb_382","m",82.27,75.13,"1.47","4/12/2015",0,0
"383","fb_383","m",82.27,75.47,"1.49","4/13/2015",0,0
"384","fb_384","m",82.5,76.13,"1.5","4/14/2015",0,0
"385","fb_385","m",82.58,77.45,"1.55","4/15/2015",0,0
"386","fb_386","m",52.43,27.7,"0.4","4/16/2015",0,0
"387","fb_387","m",53.88,31.19,"0.43","4/17/2015",1,90
"388","fb_388","m",54.13,31.59,"0.43","4/18/2015",0,0
"389","fb_389","m",54.14,31.86,"0.43","4/19/2015",0,0
"390","fb_390","m",54.19,32.24,"0.44","4/20/2015",0,0
"391","fb_391","m",54.31,32.25,"0.44","4/11/2015",0,0
"392","fb_392","m",54.34,32.33,"0.44","4/12/2015",0,0
"393","fb_393","m",54.8,32.84,"0.44","4/13/2015",1,91
"394","fb_394","m",55.91,33.39,"0.45","4/14/2015",0,0
"395","fb_395","m",56.02,33.44,"0.45","4/15/2015",0,0
"396","fb_396","m",56.19,33.84,"0.45","4/16/2015",0,0
"397","fb_397","m",56.43,34.42,"0.46","4/17/2015",0,0
"398","fb_398","m",56.64,34.62,"0.47","4/18/2015",1,80
"399","fb_399","m",56.68,35.15,"0.47","4/19/2015",0,0
"400","fb_400","m",57.28,35.68,"0.48","4/20/2015",1,99
"401","fb_401","f",55.56,34.51,"0.52","5/11/2015",0,0
"402","fb_402","f",56.55,34.7,"0.54","5/12/2015",0,0
"403","fb_403","f",57.8,34.97,"0.54","5/13/2015",1,86
"404","fb_404","f",57.94,35.22,"0.54","5/14/2015",0,0
"405","fb_405","f",58.14,35.95,"0.55","5/15/2015",1,91
"406","fb_406","f",58.21,36.09,"0.55","5/16/2015",1,96
"407","fb_407","f",58.33,36.16,"0.55","5/17/2015",0,0
"408","fb_408","f",58.48,36.17,"0.55","5/18/2015",0,0
"409","fb_409","f",58.63,36.19,"0.56","5/19/2015",0,0
"410","fb_410","f",58.79,36.21,"0.56","5/20/2015",1,37
"411","fb_411","f",59.07,36.22,"0.56","5/11/2015",1,45
"412","fb_412","f",59.19,36.34,"0.57","5/12/2015",0,0
"413","fb_413","f",59.3,36.51,"0.59","5/13/2015",0,0
"414","fb_414","f",59.53,36.54,"0.59","5/14/2015",0,0
"415","fb_415","f",59.59,36.67,"0.59","5/15/2015",0,0
"416","fb_416","f",59.7,36.7,"0.59","5/16/2015",0,0
"417","fb_417","f",59.91,37.01,"0.59","5/17/2015",1,45
"418","fb_418","f",60.47,37.17,"0.6","5/18/2015",0,0
"419","fb_419","f",60.52,37.2,"0.6","5/19/2015",1,41
"420","fb_420","f",61.24,38.14,"0.6","5/20/2015",0,0
"421","fb_421","f",72.9,51.16,"1.22","5/11/2015",0,0
"422","fb_422","f",73.55,52.17,"1.27","5/12/2015",0,0
"423","fb_423","f",73.68,53,"1.32","5/13/2015",0,0
"424","fb_424","f",73.75,53.92,"1.32","5/14/2015",0,0
"425","fb_425","f",73.8,54.32,"1.33","5/15/2015",0,0
"426","fb_426","f",73.94,54.33,"1.34","5/16/2015",0,0
"427","fb_427","f",73.98,54.34,"1.34","5/17/2015",0,0
"428","fb_428","f",74.14,54.41,"1.37","5/18/2015",0,0
"429","fb_429","f",74.21,54.54,"1.4","5/19/2015",0,0
"430","fb_430","f",74.25,54.81,"1.41","5/20/2015",0,0
"431","fb_431","f",74.29,54.91,"1.41","5/11/2015",0,0
"432","fb_432","f",74.31,54.99,"1.41","5/12/2015",0,0
"433","fb_433","f",74.34,55.21,"1.41","5/13/2015",0,0
"434","fb_434","f",74.47,55.31,"1.42","5/14/2015",0,0
"435","fb_435","f",74.49,55.83,"1.43","5/15/2015",0,0
"436","fb_436","f",74.5,55.94,"1.43","5/16/2015",0,0
"437","fb_437","f",74.5,56.04,"1.44","5/17/2015",0,0
"438","fb_438","f",74.51,56.06,"1.45","5/18/2015",1,2
"439","fb_439","f",74.54,56.25,"1.47","5/19/2015",0,0
"440","fb_440","f",74.57,56.28,"1.48","5/20/2015",0,0
"441","fb_441","f",74.62,56.31,"1.48","5/11/2015",0,0
"442","fb_442","f",74.78,56.42,"1.49","5/12/2015",0,0
"443","fb_443","f",74.85,56.45,"1.49","5/13/2015",0,0
"444","fb_444","f",74.95,56.5,"1.49","5/14/2015",0,0
"445","fb_445","f",75.02,56.54,"1.5","5/15/2015",0,0
"446","fb_446","f",75.05,56.55,"1.51","5/16/2015",0,0
"447","fb_447","f",75.13,56.56,"1.51","5/17/2015",0,0
"448","fb_448","f",75.24,56.57,"1.51","5/18/2015",0,0
"449","fb_449","f",75.28,56.76,"1.52","5/19/2015",0,0
"450","fb_450","f",75.33,56.78,"1.52","5/20/2015",0,0
"451","fb_451","f",75.39,56.99,"1.52","5/11/2015",0,0
"452","fb_452","f",75.4,57.18,"1.52","5/12/2015",0,0
"453","fb_453","f",75.43,57.71,"1.54","5/13/2015",0,0
"454","fb_454","f",75.48,57.77,"1.54","5/14/2015",0,0
"455","fb_455","f",75.52,57.78,"1.55","5/15/2015",0,0
"456","fb_456","f",75.53,58.06,"1.55","5/16/2015",0,0
"457","fb_457","f",75.55,58.08,"1.55","5/17/2015",0,0
"458","fb_458","f",75.67,58.29,"1.67","5/18/2015",0,0
"459","fb_459","f",76.2,58.45,"1.68","5/19/2015",0,0
"460","fb_460","f",76.21,58.67,"1.69","5/20/2015",0,0
"461","fb_461","m",84.28,75.31,"1.26","5/11/2015",0,0
"462","fb_462","m",85.06,75.33,"1.26","5/12/2015",0,0
"463","fb_463","m",85.17,75.5,"1.27","5/13/2015",0,0
"464","fb_464","m",85.31,75.85,"1.28","5/14/2015",0,0
"465","fb_465","m",85.33,76.22,"1.31","5/15/2015",1,7
"466","fb_466","m",85.53,76.25,"1.31","5/16/2015",0,0
"467","fb_467","m",85.16,75.93,"1.34","5/17/2015",0,0
"468","fb_468","m",85.32,76.08,"1.38","5/18/2015",0,0
"469","fb_469","m",85.39,76.9,"1.38","5/19/2015",0,0
"470","fb_470","m",85.42,77.29,"1.4","5/20/2015",0,0
"471","fb_471","m",85.44,77.52,"1.4","5/11/2015",0,0
"472","fb_472","m",85.56,77.82,"1.42","5/12/2015",0,0
"473","fb_473","m",85.05,77.07,"1.46","5/13/2015",0,0
"474","fb_474","m",85.11,77.19,"1.47","5/14/2015",0,0
"475","fb_475","m",85.2,77.52,"1.49","5/15/2015",0,0
"476","fb_476","m",85.32,78.14,"1.49","5/16/2015",0,0
"477","fb_477","m",85.41,78.3,"1.51","5/17/2015",0,0
"478","fb_478","m",85.43,78.78,"1.51","5/18/2015",0,0
"479","fb_479","m",85.53,79.31,"1.51","5/19/2015",0,0
"480","fb_480","m",85.53,79.42,"1.53","5/20/2015",0,0
"481","fb_481","m",85.97,79.51,"1.54","5/11/2015",0,0
"482","fb_482","m",85.27,78.53,"1.58","5/12/2015",0,0
"483","fb_483","m",85.27,78.87,"1.6","5/13/2015",0,0
"484","fb_484","m",85.5,79.53,"1.61","5/14/2015",0,0
"485","fb_485","m",85.58,80.85,"1.66","5/15/2015",0,0
"486","fb_486","m",56.13,32.2,"0.51","5/16/2015",0,0
"487","fb_487","m",57.58,35.69,"0.54","5/17/2015",0,0
"488","fb_488","m",57.83,36.09,"0.54","5/18/2015",1,90
"489","fb_489","m",57.84,36.36,"0.54","5/19/2015",0,0
"490","fb_490","m",57.89,36.74,"0.55","5/20/2015",0,0
"491","fb_491","m",58.01,36.75,"0.55","5/11/2015",0,0
"492","fb_492","m",58.04,36.83,"0.55","5/12/2015",0,0
"493","fb_493","m",58.5,37.34,"0.56","5/13/2015",0,0
"494","fb_494","m",59.61,37.89,"0.56","5/14/2015",0,0
"495","fb_495","m",59.72,37.94,"0.56","5/15/2015",0,0
"496","fb_496","m",59.89,38.34,"0.56","5/16/2015",0,0
"497","fb_497","m",60.13,38.92,"0.57","5/17/2015",0,0
"498","fb_498","m",60.34,39.12,"0.58","5/18/2015",0,0
"499","fb_499","m",60.38,39.65,"0.58","5/19/2015",0,0
"500","fb_500","m",60.98,40.18,"0.59","5/20/2015",0,0
"501","fb_501","f",59.19,38.67,"0.63","6/10/2015",0,0
"502","fb_502","f",60.18,38.86,"0.65","6/11/2015",0,0
"503","fb_503","f",61.43,39.13,"0.65","6/12/2015",0,0
"504","fb_504","f",61.57,39.38,"0.66","6/13/2015",0,0
"505","fb_505","f",61.77,40.11,"0.66","6/14/2015",0,0
"506","fb_506","f",61.84,40.25,"0.66","6/15/2015",0,0
"507","fb_507","f",61.96,40.32,"0.66","6/16/2015",0,0
"508","fb_508","f",62.11,40.33,"0.66","6/17/2015",1,50
"509","fb_509","f",62.26,40.35,"0.67","6/18/2015",0,0
"510","fb_510","f",62.42,40.37,"0.67","6/19/2015",0,0
"511","fb_511","f",62.7,40.38,"0.68","6/10/2015",1,44
"512","fb_512","f",62.82,40.5,"0.68","6/11/2015",0,0
"513","fb_513","f",62.93,40.67,"0.7","6/12/2015",0,0
"514","fb_514","f",63.16,40.7,"0.7","6/13/2015",0,0
"515","fb_515","f",63.22,40.83,"0.7","6/14/2015",0,0
"516","fb_516","f",63.33,40.86,"0.7","6/15/2015",0,0
"517","fb_517","f",63.54,41.17,"0.7","6/16/2015",0,0
"518","fb_518","f",64.1,41.33,"0.71","6/17/2015",0,0
"519","fb_519","f",64.15,41.36,"0.71","6/18/2015",0,0
"520","fb_520","f",64.87,42.3,"0.71","6/19/2015",0,0
"521","fb_521","f",74.03,52.99,"1.33","6/10/2015",0,0
"522","fb_522","f",74.68,54,"1.38","6/11/2015",0,0
"523","fb_523","f",74.81,54.83,"1.43","6/12/2015",0,0
"524","fb_524","f",74.87,55.75,"1.43","6/13/2015",0,0
"525","fb_525","f",74.88,55.96,"1.44","6/14/2015",0,0
"526","fb_526","f",74.91,55.97,"1.45","6/15/2015",0,0
"527","fb_527","f",74.93,56.04,"1.45","6/16/2015",0,0
"528","fb_528","f",75.07,56.15,"1.49","6/17/2015",0,0
"529","fb_529","f",75.14,56.17,"1.51","6/18/2015",0,0
"530","fb_530","f",75.18,56.44,"1.52","6/19/2015",0,0
"531","fb_531","f",75.22,56.54,"1.52","6/10/2015",0,0
"532","fb_532","f",75.24,56.62,"1.52","6/11/2015",0,0
"533","fb_533","f",75.24,56.84,"1.53","6/12/2015",0,0
"534","fb_534","f",75.27,56.94,"1.53","6/13/2015",0,0
"535","fb_535","f",75.27,57.46,"1.54","6/14/2015",0,0
"536","fb_536","f",75.3,57.49,"1.54","6/15/2015",0,0
"537","fb_537","f",75.35,57.57,"1.55","6/16/2015",0,0
"538","fb_538","f",75.4,57.67,"1.57","6/17/2015",0,0
"539","fb_539","f",75.42,57.68,"1.58","6/18/2015",0,0
"540","fb_540","f",75.43,57.71,"1.59","6/19/2015",0,0
"541","fb_541","f",75.43,57.74,"1.59","6/10/2015",1,6
"542","fb_542","f",75.51,57.85,"1.6","6/11/2015",0,0
"543","fb_543","f",75.58,57.88,"1.6","6/12/2015",0,0
"544","fb_544","f",75.68,57.93,"1.6","6/13/2015",0,0
"545","fb_545","f",75.75,57.97,"1.61","6/14/2015",0,0
"546","fb_546","f",75.78,57.98,"1.62","6/15/2015",0,0
"547","fb_547","f",75.86,57.99,"1.62","6/16/2015",0,0
"548","fb_548","f",75.97,58,"1.62","6/17/2015",0,0
"549","fb_549","f",76.01,58.19,"1.63","6/18/2015",0,0
"550","fb_550","f",76.06,58.21,"1.63","6/19/2015",0,0
"551","fb_551","f",76.12,58.42,"1.63","6/10/2015",0,0
"552","fb_552","f",76.13,58.45,"1.64","6/11/2015",0,0
"553","fb_553","f",76.16,58.61,"1.65","6/12/2015",0,0
"554","fb_554","f",76.2,58.67,"1.66","6/13/2015",0,0
"555","fb_555","f",76.2,59.14,"1.66","6/14/2015",0,0
"556","fb_556","f",76.21,59.2,"1.66","6/15/2015",0,0
"557","fb_557","f",76.21,59.21,"1.66","6/16/2015",0,0
"558","fb_558","f",76.25,59.49,"1.78","6/17/2015",0,0
"559","fb_559","f",76.26,59.51,"1.79","6/18/2015",0,0
"560","fb_560","f",76.28,59.52,"1.8","6/19/2015",0,0
"561","fb_561","m",59.83,36.7,"0.62","6/10/2015",0,0
"562","fb_562","m",61.28,40.19,"0.65","6/11/2015",0,0
"563","fb_563","m",61.53,40.59,"0.65","6/12/2015",0,0
"564","fb_564","m",61.54,40.86,"0.65","6/13/2015",0,0
"565","fb_565","m",61.59,41.24,"0.66","6/14/2015",0,0
"566","fb_566","m",61.71,41.25,"0.66","6/15/2015",0,0
"567","fb_567","m",61.74,41.33,"0.66","6/16/2015",0,0
"568","fb_568","m",62.2,41.84,"0.67","6/17/2015",0,0
"569","fb_569","m",63.31,42.39,"0.67","6/18/2015",0,0
"570","fb_570","m",63.42,42.44,"0.67","6/19/2015",0,0
"571","fb_571","m",63.59,42.84,"0.67","6/10/2015",0,0
"572","fb_572","m",63.83,43.42,"0.68","6/11/2015",0,0
"573","fb_573","m",64.04,43.62,"0.69","6/12/2015",0,0
"574","fb_574","m",64.08,44.15,"0.7","6/13/2015",0,0
"575","fb_575","m",64.68,44.68,"0.7","6/14/2015",0,0
"576","fb_576","m",87.58,79.11,"1.37","6/15/2015",0,0
"577","fb_577","m",88.05,79.13,"1.37","6/16/2015",0,0
"578","fb_578","m",88.07,79.3,"1.38","6/17/2015",0,0
"579","fb_579","m",88.07,79.53,"1.39","6/18/2015",0,0
"580","fb_580","m",88.11,79.65,"1.42","6/19/2015",0,0
"581","fb_581","m",88.2,79.68,"1.42","6/10/2015",0,0
"582","fb_582","m",88.26,80.02,"1.45","6/11/2015",0,0
"583","fb_583","m",88.3,80.05,"1.49","6/12/2015",0,0
"584","fb_584","m",88.32,80.47,"1.49","6/13/2015",0,0
"585","fb_585","m",88.36,80.5,"1.51","6/14/2015",0,0
"586","fb_586","m",88.38,80.59,"1.51","6/15/2015",0,0
"587","fb_587","m",88.41,80.89,"1.53","6/16/2015",0,0
"588","fb_588","m",88.42,80.92,"1.57","6/17/2015",0,0
"589","fb_589","m",88.43,81.12,"1.58","6/18/2015",0,0
"590","fb_590","m",88.47,81.42,"1.6","6/19/2015",0,0
"591","fb_591","m",88.49,81.54,"1.61","6/10/2015",0,0
"592","fb_592","m",88.52,81.7,"1.62","6/11/2015",0,0
"593","fb_593","m",88.53,81.73,"1.62","6/12/2015",0,0
"594","fb_594","m",88.53,82.07,"1.62","6/13/2015",0,0
"595","fb_595","m",88.54,82.18,"1.64","6/14/2015",0,0
"596","fb_596","m",88.61,82.71,"1.66","6/15/2015",0,0
"597","fb_597","m",88.63,82.73,"1.69","6/16/2015",0,0
"598","fb_598","m",88.66,82.82,"1.71","6/17/2015",0,0
"599","fb_599","m",88.83,82.91,"1.72","6/18/2015",0,0
"600","fb_600","m",88.97,84.05,"1.77","6/19/2015",0,0
"601","fb_601","f",62.82,42.83,"0.74","7/10/2015",0,0
"602","fb_602","f",63.81,43.02,"0.76","7/11/2015",0,0
"603","fb_603","f",65.06,43.29,"0.76","7/12/2015",0,0
"604","fb_604","f",65.2,43.54,"0.77","7/13/2015",0,0
"605","fb_605","f",65.4,44.27,"0.77","7/14/2015",0,0
"606","fb_606","f",65.47,44.41,"0.77","7/15/2015",0,0
"607","fb_607","f",65.59,44.48,"0.77","7/16/2015",0,0
"608","fb_608","f",65.74,44.49,"0.78","7/17/2015",1,41
"609","fb_609","f",65.89,44.51,"0.78","7/18/2015",0,0
"610","fb_610","f",66.05,44.53,"0.78","7/19/2015",0,0
"611","fb_611","f",66.33,44.54,"0.79","7/10/2015",0,0
"612","fb_612","f",66.45,44.66,"0.79","7/11/2015",0,0
"613","fb_613","f",66.56,44.83,"0.81","7/12/2015",0,0
"614","fb_614","f",66.79,44.86,"0.81","7/13/2015",0,0
"615","fb_615","f",66.85,44.99,"0.81","7/14/2015",0,0
"616","fb_616","f",66.96,45.02,"0.81","7/15/2015",0,0
"617","fb_617","f",67.17,45.33,"0.82","7/16/2015",1,40
"618","fb_618","f",67.73,45.49,"0.82","7/17/2015",0,0
"619","fb_619","f",67.78,45.52,"0.83","7/18/2015",0,0
"620","fb_620","f",68.5,46.46,"0.83","7/19/2015",0,0
"621","fb_621","f",74.96,54.62,"1.44","7/10/2015",0,0
"622","fb_622","f",75.61,55.63,"1.49","7/11/2015",0,0
"623","fb_623","f",75.64,56.46,"1.54","7/12/2015",0,0
"624","fb_624","f",75.66,57.38,"1.54","7/13/2015",0,0
"625","fb_625","f",75.74,57.4,"1.55","7/14/2015",0,0
"626","fb_626","f",75.8,57.47,"1.56","7/15/2015",0,0
"627","fb_627","f",75.8,57.58,"1.56","7/16/2015",0,0
"628","fb_628","f",75.81,57.59,"1.6","7/17/2015",0,0
"629","fb_629","f",75.87,57.6,"1.62","7/18/2015",0,0
"630","fb_630","f",75.91,57.87,"1.63","7/19/2015",0,0
"631","fb_631","f",75.93,57.97,"1.63","7/10/2015",0,0
"632","fb_632","f",75.95,58.05,"1.63","7/11/2015",0,0
"633","fb_633","f",75.95,58.27,"1.64","7/12/2015",0,0
"634","fb_634","f",75.96,58.37,"1.64","7/13/2015",0,0
"635","fb_635","f",75.96,58.89,"1.65","7/14/2015",0,0
"636","fb_636","f",75.97,58.9,"1.65","7/15/2015",0,0
"637","fb_637","f",75.97,58.91,"1.66","7/16/2015",0,0
"638","fb_638","f",76,58.92,"1.68","7/17/2015",0,0
"639","fb_639","f",76,58.94,"1.69","7/18/2015",0,0
"640","fb_640","f",76.03,58.97,"1.7","7/19/2015",0,0
"641","fb_641","f",76.04,59,"1.71","7/10/2015",0,0
"642","fb_642","f",76.08,59.08,"1.71","7/11/2015",0,0
"643","fb_643","f",76.11,59.11,"1.71","7/12/2015",0,0
"644","fb_644","f",76.21,59.16,"1.72","7/13/2015",0,0
"645","fb_645","f",76.25,59.2,"1.72","7/14/2015",0,0
"646","fb_646","f",76.26,59.21,"1.73","7/15/2015",0,0
"647","fb_647","f",76.28,59.22,"1.73","7/16/2015",0,0
"648","fb_648","f",76.28,59.23,"1.73","7/17/2015",0,0
"649","fb_649","f",76.31,59.42,"1.74","7/18/2015",0,0
"650","fb_650","f",76.39,59.44,"1.74","7/19/2015",0,0
"651","fb_651","f",76.5,59.49,"1.74","7/10/2015",0,0
"652","fb_652","f",76.54,59.51,"1.75","7/11/2015",0,0
"653","fb_653","f",76.59,59.52,"1.76","7/12/2015",0,0
"654","fb_654","f",76.65,59.65,"1.77","7/13/2015",0,0
"655","fb_655","f",76.66,59.68,"1.77","7/14/2015",0,0
"656","fb_656","f",76.69,59.84,"1.77","7/15/2015",0,0
"657","fb_657","f",76.73,59.9,"1.77","7/16/2015",0,0
"658","fb_658","f",76.73,60.37,"1.89","7/17/2015",0,0
"659","fb_659","f",76.74,60.43,"1.9","7/18/2015",0,0
"660","fb_660","f",76.74,60.44,"1.91","7/19/2015",0,0
"661","fb_661","m",63.53,41.2,"0.74","7/10/2015",1,39
"662","fb_662","m",64.98,44.69,"0.76","7/11/2015",0,0
"663","fb_663","m",65.23,45.09,"0.76","7/12/2015",1,40
"664","fb_664","m",65.24,45.36,"0.76","7/13/2015",0,0
"665","fb_665","m",65.29,45.74,"0.77","7/14/2015",0,0
"666","fb_666","m",65.41,45.75,"0.77","7/15/2015",0,0
"667","fb_667","m",65.44,45.83,"0.78","7/16/2015",0,0
"668","fb_668","m",65.9,46.34,"0.78","7/17/2015",1,39
"669","fb_669","m",67.01,46.89,"0.78","7/18/2015",1,40
"670","fb_670","m",67.12,46.94,"0.78","7/19/2015",0,0
"671","fb_671","m",67.29,47.34,"0.78","7/10/2015",1,36
"672","fb_672","m",67.53,47.92,"0.79","7/11/2015",0,0
"673","fb_673","m",67.74,48.12,"0.8","7/12/2015",0,0
"674","fb_674","m",67.78,48.65,"0.81","7/13/2015",0,0
"675","fb_675","m",68.38,49.18,"0.81","7/14/2015",1,39
"676","fb_676","m",88.63,82.71,"1.48","7/15/2015",0,0
"677","fb_677","m",88.66,82.73,"1.48","7/16/2015",0,0
"678","fb_678","m",88.83,82.73,"1.49","7/17/2015",0,0
"679","fb_679","m",88.97,82.82,"1.5","7/18/2015",0,0
"680","fb_680","m",90.68,82.9,"1.53","7/19/2015",0,0
"681","fb_681","m",91.15,82.91,"1.54","7/10/2015",0,0
"682","fb_682","m",91.17,83.13,"1.56","7/11/2015",0,0
"683","fb_683","m",91.17,83.25,"1.6","7/12/2015",0,0
"684","fb_684","m",91.21,83.28,"1.6","7/13/2015",0,0
"685","fb_685","m",91.22,83.42,"1.62","7/14/2015",0,0
"686","fb_686","m",91.23,83.45,"1.62","7/15/2015",1,3
"687","fb_687","m",91.26,83.87,"1.64","7/16/2015",0,0
"688","fb_688","m",91.27,83.9,"1.68","7/17/2015",0,0
"689","fb_689","m",91.29,83.99,"1.69","7/18/2015",0,0
"690","fb_690","m",91.3,84.05,"1.71","7/19/2015",0,0
"691","fb_691","m",91.3,84.12,"1.72","7/10/2015",0,0
"692","fb_692","m",91.32,84.29,"1.73","7/11/2015",0,0
"693","fb_693","m",91.32,84.32,"1.73","7/12/2015",0,0
"694","fb_694","m",91.33,84.62,"1.73","7/13/2015",0,0
"695","fb_695","m",91.33,84.74,"1.75","7/14/2015",0,0
"696","fb_696","m",91.34,84.9,"1.77","7/15/2015",0,0
"697","fb_697","m",91.36,84.93,"1.8","7/16/2015",0,0
"698","fb_698","m",91.38,85.27,"1.82","7/17/2015",0,0
"699","fb_699","m",91.41,85.38,"1.83","7/18/2015",0,0
"700","fb_700","m",91.41,85.91,"1.88","7/19/2015",0,0
"701","fb_701","f",66.45,46.99,"0.85","8/9/2015",0,0
"702","fb_702","f",67.44,47.18,"0.87","8/10/2015",0,0
"703","fb_703","f",68.69,47.45,"0.88","8/11/2015",0,0
"704","fb_704","f",68.83,47.7,"0.88","8/12/2015",0,0
"705","fb_705","f",69.03,48.43,"0.88","8/13/2015",0,0
"706","fb_706","f",69.1,48.57,"0.88","8/14/2015",0,0
"707","fb_707","f",69.22,48.64,"0.88","8/15/2015",0,0
"708","fb_708","f",69.37,48.65,"0.89","8/16/2015",0,0
"709","fb_709","f",69.52,48.67,"0.89","8/17/2015",0,0
"710","fb_710","f",69.68,48.69,"0.9","8/18/2015",0,0
"711","fb_711","f",69.96,48.7,"0.9","8/9/2015",0,0
"712","fb_712","f",70.08,48.82,"0.91","8/10/2015",0,0
"713","fb_713","f",70.19,48.99,"0.92","8/11/2015",0,0
"714","fb_714","f",70.42,49.02,"0.92","8/12/2015",0,0
"715","fb_715","f",70.48,49.15,"0.92","8/13/2015",0,0
"716","fb_716","f",70.59,49.18,"0.92","8/14/2015",0,0
"717","fb_717","f",70.8,49.49,"0.93","8/15/2015",1,22
"718","fb_718","f",71.36,49.65,"0.93","8/16/2015",0,0
"719","fb_719","f",71.41,49.68,"0.94","8/17/2015",1,21
"720","fb_720","f",72.13,50.62,"0.94","8/18/2015",0,0
"721","fb_721","f",75.69,56.05,"1.56","8/9/2015",0,0
"722","fb_722","f",76,57.06,"1.6","8/10/2015",0,0
"723","fb_723","f",76,57.89,"1.65","8/11/2015",0,0
"724","fb_724","f",76.03,58.7,"1.65","8/12/2015",0,0
"725","fb_725","f",76.04,58.81,"1.67","8/13/2015",0,0
"726","fb_726","f",76.08,58.81,"1.67","8/14/2015",0,0
"727","fb_727","f",76.11,58.82,"1.68","8/15/2015",0,0
"728","fb_728","f",76.21,58.83,"1.71","8/16/2015",0,0
"729","fb_729","f",76.25,58.83,"1.73","8/17/2015",0,0
"730","fb_730","f",76.26,58.92,"1.74","8/18/2015",0,0
"731","fb_731","f",76.28,58.94,"1.74","8/9/2015",0,0
"732","fb_732","f",76.28,58.97,"1.74","8/10/2015",0,0
"733","fb_733","f",76.31,59,"1.75","8/11/2015",0,0
"734","fb_734","f",76.33,59.08,"1.75","8/12/2015",0,0
"735","fb_735","f",76.33,59.1,"1.76","8/13/2015",0,0
"736","fb_736","f",76.34,59.11,"1.76","8/14/2015",0,0
"737","fb_737","f",76.34,59.16,"1.78","8/15/2015",0,0
"738","fb_738","f",76.37,59.2,"1.79","8/16/2015",0,0
"739","fb_739","f",76.39,59.2,"1.8","8/17/2015",0,0
"740","fb_740","f",76.39,59.21,"1.81","8/18/2015",0,0
"741","fb_741","f",76.4,59.22,"1.82","8/9/2015",0,0
"742","fb_742","f",76.44,59.23,"1.82","8/10/2015",0,0
"743","fb_743","f",76.46,59.28,"1.83","8/11/2015",0,0
"744","fb_744","f",76.47,59.42,"1.83","8/12/2015",0,0
"745","fb_745","f",76.48,59.44,"1.83","8/13/2015",0,0
"746","fb_746","f",76.48,59.49,"1.84","8/14/2015",0,0
"747","fb_747","f",76.49,59.5,"1.84","8/15/2015",0,0
"748","fb_748","f",76.49,59.51,"1.84","8/16/2015",0,0
"749","fb_749","f",76.5,59.52,"1.85","8/17/2015",0,0
"750","fb_750","f",76.5,59.6,"1.85","8/18/2015",0,0
"751","fb_751","f",76.5,59.65,"1.86","8/9/2015",0,0
"752","fb_752","f",76.54,59.68,"1.86","8/10/2015",0,0
"753","fb_753","f",76.59,59.84,"1.87","8/11/2015",0,0
"754","fb_754","f",76.65,59.9,"1.88","8/12/2015",0,0
"755","fb_755","f",76.66,60.12,"1.88","8/13/2015",0,0
"756","fb_756","f",76.69,60.13,"1.88","8/14/2015",0,0
"757","fb_757","f",76.73,60.14,"1.88","8/15/2015",0,0
"758","fb_758","f",76.73,60.37,"2","8/16/2015",0,0
"759","fb_759","f",76.74,60.43,"two","8/17/2015",0,0
"760","fb_760","f",76.74,60.44,"2.02","8/18/2015",0,0
"761","fb_761","m",67.23,45.7,"0.85","8/9/2015",0,0
"762","fb_762","m",68.68,49.19,"0.87","8/10/2015",0,0
"763","fb_763","m",68.93,49.59,"0.87","8/11/2015",0,0
"764","fb_764","m",68.94,49.86,"0.88","8/12/2015",0,0
"765","fb_765","m",68.99,50.24,"0.88","8/13/2015",0,0
"766","fb_766","m",69.11,50.25,"0.89","8/14/2015",0,0
"767","fb_767","m",69.14,50.33,"0.89","8/15/2015",0,0
"768","fb_768","m",69.6,50.84,"0.89","8/16/2015",0,0
"769","fb_769","m",70.71,51.39,"0.89","8/17/2015",0,0
"770","fb_770","m",70.82,51.44,"0.9","8/18/2015",0,0
"771","fb_771","m",70.99,51.84,"0.9","8/9/2015",0,0
"772","fb_772","m",71.23,52.42,"0.91","8/10/2015",0,0
"773","fb_773","m",71.44,52.62,"0.91","8/11/2015",0,0
"774","fb_774","m",71.48,53.15,"0.92","8/12/2015",0,0
"775","fb_775","m",72.08,53.68,"0.92","8/13/2015",0,0
"776","fb_776","m",91.27,83.9,"1.59","8/14/2015",0,0
"777","fb_777","m",91.29,83.99,"1.59","8/15/2015",0,0
"778","fb_778","m",91.3,84.05,"1.6","8/16/2015",0,0
"779","fb_779","m",91.3,84.12,"1.61","8/17/2015",0,0
"780","fb_780","m",91.32,84.29,"1.64","8/18/2015",0,0
"781","fb_781","m",91.32,84.32,"1.65","8/9/2015",0,0
"782","fb_782","m",91.33,84.62,"1.68","8/10/2015",0,0
"783","fb_783","m",91.33,84.74,"1.71","8/11/2015",0,0
"784","fb_784","m",91.34,84.9,"1.71","8/12/2015",0,0
"785","fb_785","m",91.36,84.93,"1.73","8/13/2015",0,0
"786","fb_786","m",91.38,85.27,"1.73","8/14/2015",0,0
"787","fb_787","m",91.41,85.38,"1.75","8/15/2015",0,0
"788","fb_788","m",91.41,85.91,"1.79","8/16/2015",0,0
"789","fb_789","m",91.63,86.11,"1.81","8/17/2015",0,0
"790","fb_790","m",91.66,86.13,"1.82","8/18/2015",0,0
"791","fb_791","m",91.83,86.13,"1.83","8/9/2015",0,0
"792","fb_792","m",91.97,86.22,"1.84","8/10/2015",0,0
"793","fb_793","m",93.68,86.3,"1.84","8/11/2015",0,0
"794","fb_794","m",93.97,86.31,"1.84","8/12/2015",0,0
"795","fb_795","m",93.97,86.33,"1.86","8/13/2015",0,0
"796","fb_796","m",94.01,86.45,"1.88","8/14/2015",0,0
"797","fb_797","m",94.02,86.48,"1.91","8/15/2015",0,0
"798","fb_798","m",94.03,86.62,"1.94","8/16/2015",0,0
"799","fb_799","m",94.06,86.65,"1.95","8/17/2015",0,0
"800","fb_800","m",94.15,87.07,"1.99","8/18/2015",0,0
"801","fb_801","f",70.08,51.15,"0.96","9/8/2015",0,0
"802","fb_802","f",71.07,51.34,"0.99","9/9/2015",0,0
"803","fb_803","f",72.32,51.61,"0.99","9/10/2015",0,0
"804","fb_804","f",72.46,51.86,"0.99","9/11/2015",0,0
"805","fb_805","f",72.66,52.59,"0.99","9/12/2015",0,0
"806","fb_806","f",72.73,52.73,"0.99","9/13/2015",0,0
"807","fb_807","f",72.85,52.8,"1","9/14/2015",0,0
"808","fb_808","f",73,52.81,"1","9/15/2015",0,0
"809","fb_809","f",73.15,52.83,"1","9/16/2015",0,0
"810","fb_810","f",73.31,52.85,"1.01","9/17/2015",0,0
"811","fb_811","f",73.59,52.86,"1.01","9/8/2015",0,0
"812","fb_812","f",73.71,52.98,"1.02","9/9/2015",0,0
"813","fb_813","f",73.82,53.15,"1.03","9/10/2015",0,0
"814","fb_814","f",74.05,53.18,"1.03","9/11/2015",0,0
"815","fb_815","f",74.11,53.31,"1.03","9/12/2015",0,0
"816","fb_816","f",74.22,53.34,"1.04","9/13/2015",0,0
"817","fb_817","f",74.43,53.65,"1.04","9/14/2015",0,0
"818","fb_818","f",74.99,53.81,"1.04","9/15/2015",0,0
"819","fb_819","f",75.04,53.84,"1.05","9/16/2015",0,0
"820","fb_820","f",75.76,54.78,"1.05","9/17/2015",1,9
"821","fb_821","f",76.08,57.28,"1.67","9/8/2015",0,0
"822","fb_822","f",76.11,58.29,"1.71","9/9/2015",0,0
"823","fb_823","f",76.21,58.81,"1.76","9/10/2015",0,0
"824","fb_824","f",76.22,58.82,"1.77","9/11/2015",0,0
"825","fb_825","f",76.25,58.83,"1.78","9/12/2015",0,0
"826","fb_826","f",76.26,58.83,"1.78","9/13/2015",0,0
"827","fb_827","f",76.28,58.92,"1.79","9/14/2015",0,0
"828","fb_828","f",76.28,58.94,"1.82","9/15/2015",0,0
"829","fb_829","f",76.31,58.97,"1.84","9/16/2015",0,0
"830","fb_830","f",76.33,59,"1.85","9/17/2015",0,0
"831","fb_831","f",76.33,59.08,"1.85","9/8/2015",0,0
"832","fb_832","f",76.34,59.1,"1.85","9/9/2015",0,0
"833","fb_833","f",76.34,59.11,"1.86","9/10/2015",0,0
"834","fb_834","f",76.37,59.12,"1.86","9/11/2015",0,0
"835","fb_835","f",76.39,59.16,"1.87","9/12/2015",0,0
"836","fb_836","f",76.39,59.2,"1.88","9/13/2015",0,0
"837","fb_837","f",76.4,59.2,"1.89","9/14/2015",0,0
"838","fb_838","f",76.44,59.21,"1.9","9/15/2015",0,0
"839","fb_839","f",76.46,59.22,"1.91","9/16/2015",0,0
"840","fb_840","f",76.47,59.23,"1.92","9/17/2015",0,0
"841","fb_841","f",76.48,59.28,"1.93","9/8/2015",1,5
"842","fb_842","f",76.48,59.42,"1.93","9/9/2015",0,0
"843","fb_843","f",76.49,59.44,"1.94","9/10/2015",0,0
"844","fb_844","f",76.49,59.49,"1.94","9/11/2015",0,0
"845","fb_845","f",76.5,59.5,"1.94","9/12/2015",0,0
"846","fb_846","f",76.5,59.51,"1.95","9/13/2015",0,0
"847","fb_847","f",76.5,59.52,"1.95","9/14/2015",0,0
"848","fb_848","f",76.53,59.6,"1.95","9/15/2015",0,0
"849","fb_849","f",76.53,59.65,"1.96","9/16/2015",0,0
"850","fb_850","f",76.54,59.68,"1.96","9/17/2015",0,0
"851","fb_851","f",76.56,59.84,"1.97","9/8/2015",0,0
"852","fb_852","f",76.57,59.9,"1.97","9/9/2015",0,0
"853","fb_853","f",76.59,59.93,"1.98","9/10/2015",0,0
"854","fb_854","f",76.65,60.04,"1.99","9/11/2015",0,0
"855","fb_855","f",76.66,60.12,"1.99","9/12/2015",0,0
"856","fb_856","f",76.69,60.13,"1.99","9/13/2015",0,0
"857","fb_857","f",76.73,60.14,"1.99","9/14/2015",0,0
"858","fb_858","f",76.73,60.37,"2.11","9/15/2015",0,0
"859","fb_859","f",76.74,60.43,"2.12","9/16/2015",0,0
"860","fb_860","f",76.74,60.44,"2.13","9/17/2015",0,0
"861","fb_861","m",70.93,50.2,"0.96","9/8/2015",0,0
"862","fb_862","m",72.38,53.69,"0.98","9/9/2015",0,0
"863","fb_863","m",72.63,54.09,"0.99","9/10/2015",0,0
"864","fb_864","m",72.64,54.36,"0.99","9/11/2015",0,0
"865","fb_865","m",72.69,54.74,"0.99","9/12/2015",0,0
"866","fb_866","m",72.81,54.75,"1","9/13/2015",1,17
"867","fb_867","m",72.84,54.83,"1","9/14/2015",0,0
"868","fb_868","m",73.3,55.34,"1","9/15/2015",0,0
"869","fb_869","m",74.41,55.89,"1","9/16/2015",0,0
"870","fb_870","m",74.52,55.94,"1.01","9/17/2015",0,0
"871","fb_871","m",74.69,56.34,"1.01","9/8/2015",0,0
"872","fb_872","m",74.93,56.92,"1.02","9/9/2015",0,0
"873","fb_873","m",75.14,57.12,"1.02","9/10/2015",0,0
"874","fb_874","m",75.18,57.65,"1.03","9/11/2015",0,0
"875","fb_875","m",75.78,58.18,"1.04","9/12/2015",0,0
"876","fb_876","m",91.33,84.62,"1.7","9/13/2015",1,6
"877","fb_877","m",91.33,84.74,"1.7","9/14/2015",0,0
"878","fb_878","m",91.34,84.9,"1.71","9/15/2015",0,0
"879","fb_879","m",91.36,84.93,"1.72","9/16/2015",0,0
"880","fb_880","m",91.38,85.27,"1.75","9/17/2015",0,0
"881","fb_881","m",91.41,85.38,"1.76","9/8/2015",0,0
"882","fb_882","m",91.41,85.91,"1.79","9/9/2015",0,0
"883","fb_883","m",91.63,86.11,"1.83","9/10/2015",0,0
"884","fb_884","m",91.66,86.13,"1.83","9/11/2015",0,0
"885","fb_885","m",91.83,86.13,"1.84","9/12/2015",0,0
"886","fb_886","m",91.97,86.22,"1.85","9/13/2015",0,0
"887","fb_887","m",93.68,86.3,"1.86","9/14/2015",0,0
"888","fb_888","m",93.97,86.31,"1.9","9/15/2015",0,0
"889","fb_889","m",93.97,86.33,"1.92","9/16/2015",0,0
"890","fb_890","m",94.01,86.45,"1.93","9/17/2015",1,4
"891","fb_891","m",94.02,86.48,"1.94","9/8/2015",0,0
"892","fb_892","m",94.03,86.62,"1.95","9/9/2015",0,0
"893","fb_893","m",94.06,86.65,"1.96","9/10/2015",0,0
"894","fb_894","m",94.07,87.07,"1.96","9/11/2015",0,0
"895","fb_895","m",94.09,87.1,"1.97","9/12/2015",0,0
"896","fb_896","m",94.1,87.19,"1.99","9/13/2015",0,0
"897","fb_897","m",94.1,87.25,"2.02","9/14/2015",0,0
"898","fb_898","m",94.12,87.32,"2.05","9/15/2015",0,0
"899","fb_899","m",94.12,87.49,"2.06","9/16/2015",0,0
"900","fb_900","m",94.15,87.52,"2.1","9/17/2015",0,0
"901","fb_901","f",73.71,55.06,"1.07","10/8/2015",0,0
"902","fb_902","f",74.68,55.08,"1.1","10/9/2015",0,0
"903","fb_903","f",74.7,55.09,"1.1","10/10/2015",0,0
"904","fb_904","f",74.84,55.21,"1.1","10/11/2015",0,0
"905","fb_905","f",75.12,55.31,"1.1","10/12/2015",0,0
"906","fb_906","f",75.24,55.38,"1.11","10/13/2015",0,0
"907","fb_907","f",75.35,55.41,"1.11","10/14/2015",0,0
"908","fb_908","f",75.58,55.5,"1.11","10/15/2015",1,12
"909","fb_909","f",75.64,55.54,"1.11","10/16/2015",0,0
"910","fb_910","f",75.75,55.57,"1.12","10/17/2015",1,14
"911","fb_911","f",75.95,55.77,"1.12","10/8/2015",0,0
"912","fb_912","f",75.96,55.88,"1.13","10/9/2015",0,0
"913","fb_913","f",76.08,56.02,"1.14","10/10/2015",0,0
"914","fb_914","f",76.09,56.04,"1.14","10/11/2015",0,0
"915","fb_915","f",76.11,56.07,"1.14","10/12/2015",0,0
"916","fb_916","f",76.21,56.75,"1.15","10/13/2015",0,0
"917","fb_917","f",76.22,56.89,"1.15","10/14/2015",0,0
"918","fb_918","f",76.25,56.96,"1.15","10/15/2015",0,0
"919","fb_919","f",76.26,56.97,"1.16","10/16/2015",0,0
"920","fb_920","f",76.28,57.01,"1.16","10/17/2015",0,0
"921","fb_921","f",76.28,57.28,"1.78","10/8/2015",0,0
"922","fb_922","f",76.29,58.29,"1.82","10/9/2015",0,0
"923","fb_923","f",76.31,58.81,"1.87","10/10/2015",0,0
"924","fb_924","f",76.33,58.82,"1.88","10/11/2015",0,0
"925","fb_925","f",76.33,58.83,"1.89","10/12/2015",0,0
"926","fb_926","f",76.34,58.83,"1.89","10/13/2015",0,0
"927","fb_927","f",76.34,58.92,"1.9","10/14/2015",0,0
"928","fb_928","f",76.36,58.94,"1.93","10/15/2015",0,0
"929","fb_929","f",76.37,58.97,"1.95","10/16/2015",0,0
"930","fb_930","f",76.39,59,"1.96","10/17/2015",0,0
"931","fb_931","f",76.39,59.08,"1.96","10/8/2015",0,0
"932","fb_932","f",76.4,59.1,"1.96","10/9/2015",0,0
"933","fb_933","f",76.44,59.11,"1.97","10/10/2015",0,0
"934","fb_934","f",76.46,59.12,"1.97","10/11/2015",0,0
"935","fb_935","f",76.47,59.16,"1.98","10/12/2015",0,0
"936","fb_936","f",76.48,59.2,"1.99","10/13/2015",0,0
"937","fb_937","f",76.48,59.2,"2","10/14/2015",0,0
"938","fb_938","f",76.48,59.21,"2.01","10/15/2015",0,0
"939","fb_939","f",76.49,59.22,"2.02","10/16/2015",0,0
"940","fb_940","f",76.49,59.23,"2.03","10/17/2015",1,6
"941","fb_941","f",76.5,59.28,"2.04","10/8/2015",0,0
"942","fb_942","f",76.5,59.42,"2.04","10/9/2015",0,0
"943","fb_943","f",76.5,59.44,"2.05","10/10/2015",0,0
"944","fb_944","f",76.52,59.49,"2.05","10/11/2015",0,0
"945","fb_945","f",76.53,59.5,"2.06","10/12/2015",0,0
"946","fb_946","f",76.53,59.51,"2.06","10/13/2015",0,0
"947","fb_947","f",76.54,59.52,"2.07","10/14/2015",0,0
"948","fb_948","f",76.56,59.6,"2.07","10/15/2015",0,0
"949","fb_949","f",76.57,59.65,"2.07","10/16/2015",0,0
"950","fb_950","f",76.57,59.68,"2.07","10/17/2015",0,0
"951","fb_951","f",76.59,59.84,"2.08","10/8/2015",0,0
"952","fb_952","f",76.63,59.9,"2.08","10/9/2015",0,0
"953","fb_953","f",76.65,59.93,"2.09","10/10/2015",0,0
"954","fb_954","f",76.66,60.04,"2.1","10/11/2015",0,0
"955","fb_955","f",76.69,60.12,"2.1","10/12/2015",0,0
"956","fb_956","f",76.73,60.13,"2.1","10/13/2015",0,0
"957","fb_957","f",76.73,60.14,"2.11","10/14/2015",0,0
"958","fb_958","f",76.74,60.37,"2.22","10/15/2015",0,0
"959","fb_959","f",76.74,60.43,"2.23","10/16/2015",0,0
"960","fb_960","f",77.29,60.44,"2.24","10/17/2015",0,0
"961","fb_961","m",74.63,54.7,"1.07","10/8/2015",1,9
"962","fb_962","m",76.08,58.19,"1.09","10/9/2015",0,0
"963","fb_963","m",76.33,58.59,"1.1","10/10/2015",0,0
"964","fb_964","m",76.34,58.86,"1.1","10/11/2015",0,0
"965","fb_965","m",76.39,59.24,"1.1","10/12/2015",0,0
"966","fb_966","m",76.51,59.25,"1.11","10/13/2015",1,11
"967","fb_967","m",76.54,59.33,"1.11","10/14/2015",0,0
"968","fb_968","m",77,59.84,"1.11","10/15/2015",0,0
"969","fb_969","m",78.11,60.39,"1.12","10/16/2015",0,0
"970","fb_970","m",78.22,60.44,"1.12","10/17/2015",0,0
"971","fb_971","m",78.39,60.84,"1.12","10/8/2015",1,9
"972","fb_972","m",78.63,61.42,"1.13","10/9/2015",0,0
"973","fb_973","m",78.84,61.62,"1.14","10/10/2015",0,0
"974","fb_974","m",78.88,62.15,"1.14","10/11/2015",0,0
"975","fb_975","m",79.48,62.68,"1.15","10/12/2015",0,0
"976","fb_976","m",91.33,84.62,"1.81","10/13/2015",0,0
"977","fb_977","m",91.33,84.74,"1.82","10/14/2015",0,0
"978","fb_978","m",91.34,84.9,"1.82","10/15/2015",0,0
"979","fb_979","m",91.36,84.93,"1.83","10/16/2015",0,0
"980","fb_980","m",91.38,85.27,"1.86","10/17/2015",0,0
"981","fb_981","m",91.41,85.38,"1.87","10/8/2015",0,0
"982","fb_982","m",91.41,85.91,"1.9","10/9/2015",0,0
"983","fb_983","m",91.63,86.11,"1.94","10/10/2015",0,0
"984","fb_984","m",91.66,86.13,"1.94","10/11/2015",0,0
"985","fb_985","m",91.83,86.13,"1.95","10/12/2015",0,0
"986","fb_986","m",91.97,86.22,"1.96","10/13/2015",0,0
"987","fb_987","m",93.68,86.3,"1.97","10/14/2015",0,0
"988","fb_988","m",93.97,86.31,"2.02","10/15/2015",0,0
"989","fb_989","m",93.97,86.33,"2.03","10/16/2015",0,0
"990","fb_990","m",94.01,86.45,"2.04","10/17/2015",0,0
"991","fb_991","m",94.02,86.48,"2.05","10/8/2015",0,0
"992","fb_992","m",94.03,86.62,"2.06","10/9/2015",0,0
"993","fb_993","m",94.06,86.65,"2.07","10/10/2015",0,0
"994","fb_994","m",94.07,87.07,"2.07","10/11/2015",0,0
"995","fb_995","m",94.09,87.1,"2.08","10/12/2015",0,0
"996","fb_996","m",94.1,87.19,"2.1","10/13/2015",0,0
"997","fb_997","m",94.1,87.25,"2.14","10/14/2015",0,0
"998","fb_998","m",94.12,87.32,"2.16","10/15/2015",0,0
"999","fb_999","m",94.12,87.49,"2.17","10/16/2015",0,0
"1000","fb_1000","m",94.15,87.52,"2.22","10/17/2015",0,0
"1001","fb_1001","f",75.24,57.28,"1.19","11/7/2015",0,0
"1002","fb_1002","f",76.21,57.29,"1.21","11/8/2015",0,0
"1003","fb_1003","f",76.23,57.31,"1.21","11/9/2015",0,0
"1004","fb_1004","f",76.28,57.32,"1.21","11/10/2015",0,0
"1005","fb_1005","f",76.29,57.44,"1.22","11/11/2015",0,0
"1006","fb_1006","f",76.31,57.54,"1.22","11/12/2015",0,0
"1007","fb_1007","f",76.33,57.57,"1.22","11/13/2015",0,0
"1008","fb_1008","f",76.33,57.6,"1.22","11/14/2015",0,0
"1009","fb_1009","f",76.34,57.61,"1.22","11/15/2015",0,0
"1010","fb_1010","f",76.34,57.64,"1.23","11/16/2015",0,0
"1011","fb_1011","f",76.36,57.73,"1.23","11/7/2015",0,0
"1012","fb_1012","f",76.37,57.8,"1.24","11/8/2015",0,0
"1013","fb_1013","f",76.37,57.91,"1.25","11/9/2015",0,0
"1014","fb_1014","f",76.39,58.05,"1.25","11/10/2015",0,0
"1015","fb_1015","f",76.39,58.07,"1.26","11/11/2015",0,0
"1016","fb_1016","f",76.4,58.1,"1.26","11/12/2015",1,4
"1017","fb_1017","f",76.44,58.29,"1.26","11/13/2015",0,0
"1018","fb_1018","f",76.46,58.78,"1.27","11/14/2015",0,0
"1019","fb_1019","f",76.47,58.81,"1.27","11/15/2015",0,0
"1020","fb_1020","f",76.48,58.82,"1.27","11/16/2015",0,0
"1021","fb_1021","f",76.48,58.83,"1.89","11/7/2015",0,0
"1022","fb_1022","f",76.48,58.83,"1.93","11/8/2015",0,0
"1023","fb_1023","f",76.49,58.92,"1.98","11/9/2015",0,0
"1024","fb_1024","f",76.49,58.92,"1.99","11/10/2015",0,0
"1025","fb_1025","f",76.5,58.94,"2","11/11/2015",0,0
"1026","fb_1026","f",76.5,58.97,"2.01","11/12/2015",0,0
"1027","fb_1027","f",76.5,58.99,"2.01","11/13/2015",0,0
"1028","fb_1028","f",76.52,59,"2.04","11/14/2015",0,0
"1029","fb_1029","f",76.53,59,"2.06","11/15/2015",0,0
"1030","fb_1030","f",76.53,59.04,"2.07","11/16/2015",0,0
"1031","fb_1031","f",76.54,59.08,"2.07","11/7/2015",0,0
"1032","fb_1032","f",76.56,59.1,"2.08","11/8/2015",0,0
"1033","fb_1033","f",76.57,59.11,"2.08","11/9/2015",0,0
"1034","fb_1034","f",76.57,59.12,"2.08","11/10/2015",0,0
"1035","fb_1035","f",76.59,59.16,"2.09","11/11/2015",0,0
"1036","fb_1036","f",76.63,59.2,"2.1","11/12/2015",0,0
"1037","fb_1037","f",76.65,59.2,"2.11","11/13/2015",0,0
"1038","fb_1038","f",76.65,59.21,"2.12","11/14/2015",0,0
"1039","fb_1039","f",76.66,59.22,"2.14","11/15/2015",0,0
"1040","fb_1040","f",76.69,59.23,"2.14","11/16/2015",0,0
"1041","fb_1041","f",76.73,59.28,"2.15","11/7/2015",0,0
"1042","fb_1042","f",76.73,59.42,"2.16","11/8/2015",0,0
"1043","fb_1043","f",76.74,59.44,"2.16","11/9/2015",0,0
"1044","fb_1044","f",76.74,59.49,"2.16","11/10/2015",0,0
"1045","fb_1045","f",76.77,59.5,"2.17","11/11/2015",0,0
"1046","fb_1046","f",76.88,59.51,"2.17","11/12/2015",0,0
"1047","fb_1047","f",76.97,59.52,"2.18","11/13/2015",1,6
"1048","fb_1048","f",77.08,59.6,"2.18","11/14/2015",0,0
"1049","fb_1049","f",77.11,59.65,"2.18","11/15/2015",0,0
"1050","fb_1050","f",77.28,59.68,"2.19","11/16/2015",0,0
"1051","fb_1051","f",77.29,59.84,"2.19","11/7/2015",0,0
"1052","fb_1052","f",77.29,59.9,"2.19","11/8/2015",0,0
"1053","fb_1053","f",77.41,59.93,"2.2","11/9/2015",0,0
"1054","fb_1054","f",77.42,60.04,"2.21","11/10/2015",0,0
"1055","fb_1055","f",77.44,60.12,"2.21","11/11/2015",0,0
"1056","fb_1056","f",77.54,60.13,"2.22","11/12/2015",0,0
"1057","fb_1057","f",77.55,60.14,"2.22","11/13/2015",0,0
"1058","fb_1058","f",77.58,60.37,"2.33","11/14/2015",0,0
"1059","fb_1059","f",77.59,60.43,"2.34","11/15/2015",0,0
"1060","fb_1060","f",77.61,60.44,"2.36","11/16/2015",0,0
"1061","fb_1061","m",78.33,59.2,"1.18","11/7/2015",0,0
"1062","fb_1062","m",79.78,62.69,"1.21","11/8/2015",0,0
"1063","fb_1063","m",80.03,63.09,"1.21","11/9/2015",0,0
"1064","fb_1064","m",80.04,63.36,"1.21","11/10/2015",0,0
"1065","fb_1065","m",80.09,63.74,"1.21","11/11/2015",0,0
"1066","fb_1066","m",80.21,63.75,"1.22","11/12/2015",1,9
"1067","fb_1067","m",80.24,63.83,"1.22","11/13/2015",0,0
"1068","fb_1068","m",80.7,64.34,"1.22","11/14/2015",0,0
"1069","fb_1069","m",81.61,64.39,"1.23","11/15/2015",0,0
"1070","fb_1070","m",81.72,64.44,"1.23","11/16/2015",0,0
"1071","fb_1071","m",81.89,64.84,"1.23","11/7/2015",0,0
"1072","fb_1072","m",82.13,65.42,"1.24","11/8/2015",0,0
"1073","fb_1073","m",82.34,65.62,"1.25","11/9/2015",1,9
"1074","fb_1074","m",82.38,66.15,"1.25","11/10/2015",0,0
"1075","fb_1075","m",82.98,66.68,"1.26","11/11/2015",0,0
"1076","fb_1076","m",91.33,84.62,"1.93","11/12/2015",0,0
"1077","fb_1077","m",91.33,84.74,"1.93","11/13/2015",0,0
"1078","fb_1078","m",91.34,84.9,"1.93","11/14/2015",0,0
"1079","fb_1079","m",91.36,84.93,"1.94","11/15/2015",1,3
"1080","fb_1080","m",91.38,85.27,"1.97","11/16/2015",0,0
"1081","fb_1081","m",91.41,85.38,"1.98","11/7/2015",0,0
"1082","fb_1082","m",91.41,85.91,"2.01","11/8/2015",0,0
"1083","fb_1083","m",91.63,86.11,"2.05","11/9/2015",0,0
"1084","fb_1084","m",91.66,86.13,"2.05","11/10/2015",0,0
"1085","fb_1085","m",91.83,86.13,"2.07","11/11/2015",0,0
"1086","fb_1086","m",91.97,86.22,"2.07","11/12/2015",0,0
"1087","fb_1087","m",93.68,86.3,"2.08","11/13/2015",0,0
"1088","fb_1088","m",93.97,86.31,"2.13","11/14/2015",0,0
"1089","fb_1089","m",93.97,86.33,"2.14","11/15/2015",0,0
"1090","fb_1090","m",94.01,86.45,"2.16","11/16/2015",0,0
"1091","fb_1091","m",94.02,86.48,"2.16","11/7/2015",0,0
"1092","fb_1092","m",94.03,86.62,"2.18","11/8/2015",0,0
"1093","fb_1093","m",94.06,86.65,"2.18","11/9/2015",0,0
"1094","fb_1094","m",94.07,87.07,"2.18","11/10/2015",0,0
"1095","fb_1095","m",94.09,87.1,"2.2","11/11/2015",0,0
"1096","fb_1096","m",94.1,87.19,"2.21","11/12/2015",0,0
"1097","fb_1097","m",94.1,87.25,"2.25","11/13/2015",0,0
"1098","fb_1098","m",94.12,87.32,"2.27","11/14/2015",0,0
"1099","fb_1099","m",94.12,87.49,"2.28","11/15/2015",0,0
"1100","fb_1100","m",94.15,87.52,"2.33","11/16/2015",0,0
"1101","fb_1101","f",76.48,58.83,"1.3","12/7/2015",0,0
"1102","fb_1102","f",76.48,58.83,"1.32","12/8/2015",1,10
"1103","fb_1103","f",76.49,58.92,"1.32","12/9/2015",0,0
"1104","fb_1104","f",76.49,58.92,"1.32","12/10/2015",0,0
"1105","fb_1105","f",76.5,58.94,"1.33","12/11/2015",0,0
"1106","fb_1106","f",76.5,58.97,"1.33","12/12/2015",0,0
"1107","fb_1107","f",76.5,58.99,"1.33","12/13/2015",0,0
"1108","fb_1108","f",76.52,59,"1.33","12/14/2015",0,0
"1109","fb_1109","f",76.53,59,"1.33","12/15/2015",0,0
"1110","fb_1110","f",76.53,59.04,"1.34","12/16/2015",0,0
"1111","fb_1111","f",76.54,59.08,"1.34","12/7/2015",1,3
"1112","fb_1112","f",76.56,59.1,"1.35","12/8/2015",0,0
"1113","fb_1113","f",76.57,59.11,"1.36","12/9/2015",0,0
"1114","fb_1114","f",76.57,59.12,"1.36","12/10/2015",0,0
"1115","fb_1115","f",76.57,59.16,"1.37","12/11/2015",0,0
"1116","fb_1116","f",76.59,59.2,"1.37","12/12/2015",0,0
"1117","fb_1117","f",76.63,59.2,"1.37","12/13/2015",0,0
"1118","fb_1118","f",76.65,59.21,"1.38","12/14/2015",0,0
"1119","fb_1119","f",76.65,59.22,"1.38","12/15/2015",0,0
"1120","fb_1120","f",76.66,59.23,"1.38","12/16/2015",0,0
"1121","fb_1121","f",76.69,59.28,"2","12/7/2015",0,0
"1122","fb_1122","f",76.73,59.31,"2.04","12/8/2015",0,0
"1123","fb_1123","f",76.73,59.32,"2.09","12/9/2015",0,0
"1124","fb_1124","f",76.74,59.34,"2.1","12/10/2015",0,0
"1125","fb_1125","f",76.74,59.35,"2.11","12/11/2015",1,6
"1126","fb_1126","f",76.77,59.42,"2.12","12/12/2015",0,0
"1127","fb_1127","f",76.88,59.44,"2.12","12/13/2015",0,0
"1128","fb_1128","f",76.97,59.44,"2.15","12/14/2015",0,0
"1129","fb_1129","f",77.08,59.47,"2.17","12/15/2015",0,0
"1130","fb_1130","f",77.11,59.47,"2.19","12/16/2015",0,0
"1131","fb_1131","f",77.28,59.49,"2.19","12/7/2015",0,0
"1132","fb_1132","f",77.29,59.5,"2.19","12/8/2015",0,0
"1133","fb_1133","f",77.29,59.51,"2.19","12/9/2015",0,0
"1134","fb_1134","f",77.41,59.52,"2.19","12/10/2015",0,0
"1135","fb_1135","f",77.42,59.56,"2.21","12/11/2015",0,0
"1136","fb_1136","f",77.44,59.57,"2.21","12/12/2015",0,0
"1137","fb_1137","f",77.47,59.6,"2.22","12/13/2015",1,3
"1138","fb_1138","f",77.47,59.6,"2.23","12/14/2015",0,0
"1139","fb_1139","f",77.49,59.63,"2.25","12/15/2015",0,0
"1140","fb_1140","f",77.5,59.63,"2.25","12/16/2015",0,0
"1141","fb_1141","f",77.5,59.65,"2.26","12/7/2015",0,0
"1142","fb_1142","f",77.52,59.68,"2.27","12/8/2015",0,0
"1143","fb_1143","f",77.52,59.74,"2.27","12/9/2015",0,0
"1144","fb_1144","f",77.53,59.84,"2.27","12/10/2015",0,0
"1145","fb_1145","f",77.54,59.88,"2.28","12/11/2015",0,0
"1146","fb_1146","f",77.54,59.9,"2.28","12/12/2015",0,0
"1147","fb_1147","f",77.55,59.9,"2.29","12/13/2015",0,0
"1148","fb_1148","f",77.56,59.93,"2.29","12/14/2015",0,0
"1149","fb_1149","f",77.57,59.93,"2.29","12/15/2015",0,0
"1150","fb_1150","f",77.58,60.04,"2.3","12/16/2015",0,0
"1151","fb_1151","f",77.59,60.12,"2.3","12/7/2015",0,0
"1152","fb_1152","f",77.59,60.12,"2.3","12/8/2015",0,0
"1153","fb_1153","f",77.6,60.13,"2.31","12/9/2015",0,0
"1154","fb_1154","f",77.61,60.14,"2.32","12/10/2015",0,0
"1155","fb_1155","f",77.61,60.37,"2.32","12/11/2015",0,0
"1156","fb_1156","f",77.61,60.43,"2.33","12/12/2015",0,0
"1157","fb_1157","f",77.62,60.44,"2.33","12/13/2015",0,0
"1158","fb_1158","f",77.64,60.61,"2.44","12/14/2015",0,0
"1159","fb_1159","f",77.66,60.64,"2.45","12/15/2015",0,0
"1160","fb_1160","f",77.66,60.65,"2.47","12/16/2015",1,4
"1161","fb_1161","m",81.83,63.2,"1.29","12/7/2015",0,0
"1162","fb_1162","m",83.28,66.69,"1.32","12/8/2015",0,0
"1163","fb_1163","m",83.53,67.09,"1.32","12/9/2015",0,0
"1164","fb_1164","m",83.54,67.36,"1.32","12/10/2015",0,0
"1165","fb_1165","m",83.59,67.74,"1.33","12/11/2015",0,0
"1166","fb_1166","m",83.71,67.75,"1.33","12/12/2015",0,0
"1167","fb_1167","m",83.74,67.83,"1.33","12/13/2015",0,0
"1168","fb_1168","m",84.2,68.19,"1.33","12/14/2015",0,0
"1169","fb_1169","m",84.91,68.24,"1.34","12/15/2015",0,0
"1170","fb_1170","m",85.02,68.34,"1.34","12/16/2015",0,0
"1171","fb_1171","m",85.19,68.64,"1.34","12/7/2015",0,0
"1172","fb_1172","m",85.43,69.22,"1.35","12/8/2015",0,0
"1173","fb_1173","m",85.64,69.42,"1.36","12/9/2015",0,0
"1174","fb_1174","m",85.68,69.95,"1.36","12/10/2015",0,0
"1175","fb_1175","m",86.28,70.48,"1.37","12/11/2015",0,0
"1176","fb_1176","m",91.33,84.62,"two","12/12/2015",0,0
"1177","fb_1177","m",91.33,84.74,"2.04","12/13/2015",0,0
"1178","fb_1178","m",91.34,84.9,"2.04","12/14/2015",0,0
"1179","fb_1179","m",91.36,84.93,"2.05","12/15/2015",0,0
"1180","fb_1180","m",91.38,85.27,"2.08","12/16/2015",0,0
"1181","fb_1181","m",91.41,85.38,"2.09","12/7/2015",0,0
"1182","fb_1182","m",91.41,85.91,"2.12","12/8/2015",0,0
"1183","fb_1183","m",91.63,86.11,"2.16","12/9/2015",0,0
"1184","fb_1184","m",91.66,86.13,"2.16","12/10/2015",0,0
"1185","fb_1185","m",91.83,86.13,"2.18","12/11/2015",0,0
"1186","fb_1186","m",91.97,86.22,"2.18","12/12/2015",0,0
"1187","fb_1187","m",93.68,86.3,"2.19","12/13/2015",0,0
"1188","fb_1188","m",93.97,86.31,"2.24","12/14/2015",0,0
"1189","fb_1189","m",93.97,86.33,"2.25","12/15/2015",0,0
"1190","fb_1190","m",94.01,86.45,"2.27","12/16/2015",0,0
"1191","fb_1191","m",94.02,86.48,"2.27","12/7/2015",0,0
"1192","fb_1192","m",94.03,86.62,"2.29","12/8/2015",0,0
"1193","fb_1193","m",94.06,86.65,"2.29","12/9/2015",0,0
"1194","fb_1194","m",94.07,87.07,"2.29","12/10/2015",0,0
"1195","fb_1195","m",94.09,87.1,"2.31","12/11/2015",0,0
"1196","fb_1196","m",94.1,87.19,"2.32","12/12/2015",0,0
"1197","fb_1197","m",94.1,87.25,"2.36","12/13/2015",0,0
"1198","fb_1198","m",94.12,87.32,"2.38","12/14/2015",0,0
"1199","fb_1199","m",94.12,87.49,"2.39","12/15/2015",0,0
"1200","fb_1200","m",94.15,87.52,"2.44","12/16/2015",0,0
