Id,Sex,Forearm,Weight,Age,Date,Pos,Pos2,Pos3,Para2,Para1,Para3
fb_1,f,68,46.55,220,1/11/15,0,0,0,0,0,0
fb_2,f,65.12,39.59,62,1/12/15,1,0,0,0,38,0
fb_3,f,65.41,40.42,66,1/13/15,0,0,0,0,0,0
fb_4,f,66.08,42.23,67,1/14/15,0,0,0,0,0,0
fb_5,f,66.09,42.63,68,1/15/15,0,0,0,0,0,0
fb_6,f,66.32,43.67,68,1/16/15,0,0,0,0,0,0
fb_7,f,66.72,44.09,69,1/17/15,0,0,0,0,0,0
fb_8,f,66.88,44.16,72,1/18/15,0,0,0,0,0,0
fb_9,f,66.95,44.66,74,1/19/15,0,0,0,0,0,0
fb_10,f,67.16,45.06,75,1/20/15,0,0,0,0,0,0
fb_11,f,67.23,45.58,75,1/11/15,0,0,0,0,0,0
fb_12,f,67.33,45.81,75,1/12/15,0,0,0,0,0,0
fb_13,f,67.4,46.06,76,1/13/15,0,0,0,0,0,0
fb_14,f,67.43,46.25,76,1/14/15,0,0,0,0,0,0
fb_15,f,67.66,46.32,77,1/15/15,0,0,0,0,0,0
fb_16,f,67.9,46.51,78,1/16/15,1,0,0,0,21,0
fb_17,f,67.93,46.53,79,1/17/15,0,0,0,0,0,0
fb_18,f,67.98,46.6,80,1/18/15,0,0,0,0,0,0
fb_19,f,68.63,46.61,81,1/19/15,0,0,0,0,0,0
fb_20,f,68.76,44.61,82,1/20/15,0,0,0,0,0,0
fb_21,f,68.83,47.27,83,1/11/15,0,0,0,0,0,0
fb_22,f,68.88,48.22,83,1/12/15,0,0,0,0,0,0
fb_23,f,69.06,48.32,84,1/13/15,0,0,0,0,0,0
fb_24,f,69.29,48.53,84,1/14/15,0,0,0,0,0,0
fb_25,f,69.33,48.56,85,1/15/15,0,0,0,0,0,0
fb_26,f,69.37,48.7,85,1/16/15,0,0,0,0,0,0
fb_27,f,69.39,48.73,86,1/17/15,1,0,0,0,7,0
fb_28,f,69.55,48.82,86,1/18/15,0,0,0,0,0,0
fb_29,f,69.57,48.83,86,1/19/15,1,0,0,0,7,0
fb_30,f,69.58,48.84,86,1/20/15,0,0,0,0,0,0
fb_31,f,69.59,49.46,87,1/11/15,0,0,0,0,0,0
fb_32,f,69.62,50.05,87,1/12/15,0,0,0,0,0,0
fb_33,f,69.7,50.06,88,1/13/15,0,0,0,0,0,0
fb_34,f,70.21,50.34,89,1/14/15,0,0,0,0,0,0
fb_35,f,70.47,50.36,89,1/15/15,0,0,0,0,0,0
fb_36,f,70.51,50.57,89,1/16/15,0,0,0,0,0,0
fb_37,f,70.75,50.73,90,1/17/15,0,0,0,0,0,0
fb_38,f,71.21,50.79,101,1/18/15,0,0,0,0,0,0
fb_39,f,72.08,50.87,102,1/19/15,0,0,0,0,0,0
fb_40,f,72.16,52.55,103,1/20/15,0,0,0,0,0,0
fb_41,m,69.68,57.81,61,1/11/15,0,0,0,0,0,0
fb_42,m,70.46,57.83,62,1/12/15,1,1,0,41,41,0
fb_43,m,70.57,58,62,1/13/15,0,0,0,0,0,0
fb_44,m,70.71,58.35,63,1/14/15,0,0,0,0,0,0
fb_45,m,70.73,58.72,65,1/15/15,0,0,0,0,0,0
fb_46,m,70.93,58.75,66,1/16/15,0,0,0,0,0,0
fb_47,m,70.96,58.75,69,1/17/15,0,0,0,0,0,0
fb_48,m,71.12,59.28,73,1/18/15,0,0,0,0,0,0
fb_49,m,71.19,60.1,73,1/19/15,0,0,0,0,0,0
fb_50,m,71.22,60.49,74,1/20/15,1,0,0,0,19,0
fb_51,m,71.24,60.72,75,1/11/15,0,0,0,0,0,0
fb_52,m,71.36,61.02,76,1/12/15,0,0,0,0,0,0
fb_53,m,71.45,61.17,81,1/13/15,0,0,0,0,0,0
fb_54,m,71.51,61.29,82,1/14/15,0,0,0,0,0,0
fb_55,m,71.6,61.62,83,1/15/15,0,0,0,0,0,0
fb_56,m,71.72,62.24,84,1/16/15,0,0,0,0,0,0
fb_57,m,71.81,62.4,85,1/17/15,0,0,0,0,0,0
fb_58,m,71.83,62.88,86,1/18/15,0,0,0,0,0,0
fb_59,m,71.93,63.41,86,1/19/15,0,0,0,0,0,0
fb_60,m,71.93,63.52,87,1/20/15,0,0,0,0,0,0
fb_61,m,72.37,63.61,89,1/11/15,1,0,0,0,9,0
fb_62,m,72.37,63.73,93,1/12/15,0,0,0,0,0,0
fb_63,m,72.37,64.07,95,1/13/15,0,0,0,0,0,0
fb_64,m,72.6,64.73,96,1/14/15,0,0,0,0,0,0
fb_65,m,72.68,66.05,101,1/15/15,0,0,0,0,0,0
fb_66,f,41.04,17.87,1,1/16/15,0,0,0,0,0,0
fb_67,f,42.03,18.06,3,1/17/15,0,0,0,0,0,0
fb_68,f,43.28,18.33,3,1/18/15,0,0,0,0,0,0
fb_69,f,43.42,18.58,79,1/19/15,0,0,0,0,0,0
fb_70,f,43.62,19.31,3,1/20/15,0,0,0,0,0,0
fb_71,f,43.69,19.45,4,1/11/15,0,0,0,0,0,0
fb_72,f,43.81,19.52,4,1/12/15,0,0,0,0,0,0
fb_73,f,43.96,19.53,4,1/13/15,0,0,0,0,0,0
fb_74,f,44.11,19.55,4,1/14/15,0,0,0,0,0,0
fb_75,f,44.27,19.55,5,1/15/15,0,0,0,0,0,0
fb_76,f,44.55,19.58,5,1/16/15,0,0,0,0,0,0
fb_77,f,44.67,19.7,6,1/17/15,0,0,0,0,0,0
fb_78,f,44.78,19.87,7,1/18/15,1,0,0,0,3,0
fb_79,f,45.01,19.9,7,1/19/15,0,0,0,0,0,0
fb_80,f,45.07,20.03,7,1/20/15,0,0,0,0,0,0
fb_81,f,45.18,20.06,8,1/11/15,0,0,0,0,0,0
fb_82,f,45.39,20.37,8,1/12/15,0,0,0,0,0,0
fb_83,f,45.95,20.53,8,1/13/15,0,0,0,0,0,0
fb_84,f,46,20.56,9,1/14/15,0,0,0,0,0,0
fb_85,f,46.72,21.5,9,1/15/15,0,0,0,0,0,0
fb_86,m,41.33,14.2,1,1/16/15,0,0,0,0,0,0
fb_87,m,42.78,17.69,2,1/17/15,0,0,0,0,0,0
fb_88,m,43.03,18.09,3,1/18/15,0,0,0,0,0,0
fb_89,m,43.04,18.36,3,1/19/15,0,0,0,0,0,0
fb_90,m,43.09,18.74,3,1/20/15,0,0,0,0,0,0
fb_91,m,43.21,18.75,4,1/11/15,0,0,0,0,0,0
fb_92,m,43.24,18.83,4,1/12/15,0,0,0,0,0,0
fb_93,m,43.7,19.34,4,1/13/15,0,0,0,0,0,0
fb_94,m,44.81,19.89,5,1/14/15,0,0,0,0,0,0
fb_95,m,44.92,19.94,5,1/15/15,0,0,0,0,0,0
fb_96,m,45.09,20.34,5,1/16/15,0,0,0,0,0,0
fb_97,m,45.33,20.92,6,1/17/15,0,0,0,0,0,0
fb_98,m,45.54,21.12,7,1/18/15,0,0,0,0,0,0
fb_99,m,45.58,21.65,7,1/19/15,0,0,0,0,0,0
fb_100,m,46.18,22.18,8,1/20/15,0,0,0,0,0,0
fb_101,f,67.65,42.74,68,2/10/15,1,0,0,0,23,0
fb_102,f,68.75,43.75,72,2/11/15,0,0,0,0,0,0
fb_103,f,69.04,44.58,77,2/12/15,0,0,0,0,0,0
fb_104,f,69.71,46.39,78,2/13/15,0,0,0,0,0,0
fb_105,f,69.72,46.79,79,2/14/15,0,0,0,0,0,0
fb_106,f,69.95,47.83,80,2/15/15,1,0,0,0,8,0
fb_107,f,70.35,48.25,80,2/16/15,0,0,0,0,0,0
fb_108,f,70.51,48.32,83,2/17/15,0,0,0,0,0,0
fb_109,f,70.58,48.82,85,2/18/15,0,0,0,0,0,0
fb_110,f,70.79,49.22,86,2/19/15,0,0,0,0,0,0
fb_111,f,70.86,49.74,86,2/10/15,0,0,0,0,0,0
fb_112,f,70.96,49.97,87,2/11/15,0,0,0,0,0,0
fb_113,f,71.03,50.22,87,2/12/15,0,0,0,0,0,0
fb_114,f,71.06,50.41,87,2/13/15,0,0,0,0,0,0
fb_115,f,71.29,50.48,88,2/14/15,0,0,0,0,0,0
fb_116,f,71.53,50.67,89,2/15/15,0,0,0,0,0,0
fb_117,f,71.56,50.69,90,2/16/15,0,0,0,0,0,0
fb_118,f,69.51,48.83,91,2/17/15,0,0,0,0,0,0
fb_119,f,70.16,48.84,93,2/18/15,0,0,0,0,0,0
fb_120,f,70.29,49.05,93,2/19/15,1,0,0,0,12,0
fb_121,f,70.36,49.5,94,2/10/15,0,0,0,0,0,0
fb_122,f,70.41,50.45,95,2/11/15,0,0,0,0,0,0
fb_123,f,70.59,50.55,95,2/12/15,0,0,0,0,0,0
fb_124,f,70.82,50.76,95,2/13/15,0,0,0,0,0,0
fb_125,f,70.86,50.79,96,2/14/15,1,0,0,0,13,0
fb_126,f,70.9,50.93,96,2/15/15,1,0,0,0,13,0
fb_127,f,70.92,50.96,97,2/16/15,0,0,0,0,0,0
fb_128,f,71.08,51.05,97,2/17/15,0,0,0,0,0,0
fb_129,f,71.1,51.06,97,2/18/15,0,0,0,0,0,0
fb_130,f,71.11,51.07,98,2/19/15,0,0,0,0,0,0
fb_131,f,71.12,51.69,98,2/10/15,0,0,0,0,0,0
fb_132,f,71.15,52.28,98,2/11/15,0,0,0,0,0,0
fb_133,f,71.23,52.29,99,2/12/15,0,0,0,0,0,0
fb_134,f,71.74,52.57,100,2/13/15,1,0,0,0,11,0
fb_135,f,72,52.59,100,2/14/15,0,0,0,0,0,0
fb_136,f,72.04,52.8,101,2/15/15,0,0,0,0,0,0
fb_137,f,72.28,52.96,101,2/16/15,0,0,0,0,0,0
fb_138,f,72.54,52.82,112,2/17/15,0,0,0,0,0,0
fb_139,f,73.21,52.7,113,2/18/15,0,0,0,0,0,0
fb_140,f,73.29,54.38,115,2/19/15,0,0,0,0,0,0
fb_141,m,73.38,62.31,72,2/10/15,0,0,0,0,0,0
fb_142,m,74.16,62.33,72,2/11/15,0,0,0,0,0,0
fb_143,m,74.27,62.5,72,2/12/15,0,0,0,0,0,0
fb_144,m,74.41,62.85,73,2/13/15,0,0,0,0,0,0
fb_145,m,74.43,63.22,76,2/14/15,0,0,0,0,0,0
fb_146,m,74.63,63.25,77,2/15/15,0,0,0,0,0,0
fb_147,m,74.66,63.63,80,2/16/15,1,0,0,0,4,0
fb_148,m,74.82,63.78,84,2/17/15,0,0,0,0,0,0
fb_149,m,74.89,64.6,84,2/18/15,0,0,0,0,0,0
fb_150,m,74.92,64.99,86,2/19/15,0,0,0,0,0,0
fb_151,m,74.94,65.22,86,2/10/15,0,0,0,0,0,0
fb_152,m,75.06,65.52,87,2/11/15,0,0,0,0,0,0
fb_153,m,75.15,65.67,92,2/12/15,0,0,0,0,0,0
fb_154,m,75.21,65.79,93,2/13/15,0,0,0,0,0,0
fb_155,m,75.3,66.12,95,2/14/15,0,0,0,0,0,0
fb_156,m,75.42,66.74,95,2/15/15,0,0,0,0,0,0
fb_157,m,75.51,66.9,97,2/16/15,1,0,0,0,7,0
fb_158,m,75.53,67.38,97,2/17/15,0,0,0,0,0,0
fb_159,m,75.63,67.91,97,2/18/15,0,0,0,0,0,0
fb_160,m,75.63,68.02,99,2/19/15,0,0,0,0,0,0
fb_161,m,76.07,68.11,100,2/10/15,0,0,0,0,0,0
fb_162,m,75.87,67.73,104,2/11/15,0,0,0,0,0,0
fb_163,m,75.87,68.07,106,2/12/15,0,0,0,0,0,0
fb_164,m,76.1,68.73,107,2/13/15,0,0,0,0,0,0
fb_165,m,76.18,70.05,112,2/14/15,0,0,0,0,0,0
fb_166,f,44.67,22.03,11,2/15/15,0,0,0,0,0,0
fb_167,f,45.66,22.22,12,2/16/15,0,0,0,0,0,0
fb_168,f,46.91,22.49,12,2/17/15,0,0,0,0,0,0
fb_169,f,47.05,22.74,12,2/18/15,0,0,0,0,0,0
fb_170,f,47.25,23.47,13,2/19/15,0,0,0,0,0,0
fb_171,f,47.32,23.61,13,2/10/15,0,0,0,0,0,0
fb_172,f,47.44,23.68,13,2/11/15,0,0,0,0,0,0
fb_173,f,47.59,23.69,13,2/12/15,0,0,0,0,0,0
fb_174,f,47.74,23.71,13,2/13/15,0,0,0,0,0,0
fb_175,f,47.9,23.73,14,2/14/15,0,0,0,0,0,0
fb_176,f,48.18,23.74,14,2/15/15,0,0,0,0,0,0
fb_177,f,48.3,23.86,15,2/16/15,0,0,0,0,0,0
fb_178,f,48.41,24.03,16,2/17/15,0,0,0,0,0,0
fb_179,f,48.64,24.06,16,2/18/15,0,0,0,0,0,0
fb_180,f,48.7,24.19,17,2/19/15,0,0,0,0,0,0
fb_181,f,48.81,24.22,17,2/10/15,0,0,0,0,0,0
fb_182,f,49.02,24.53,17,2/11/15,0,0,0,0,0,0
fb_183,f,49.58,24.69,18,2/12/15,0,0,0,0,0,0
fb_184,f,49.63,24.72,18,2/13/15,0,0,0,0,0,0
fb_185,f,50.35,25.66,18,2/14/15,0,0,0,0,0,0
fb_186,m,45.03,18.7,10,2/15/15,0,0,0,0,0,0
fb_187,m,46.48,22.19,12,2/16/15,0,0,0,0,0,0
fb_188,m,46.73,22.59,12,2/17/15,0,0,0,0,0,0
fb_189,m,46.74,22.86,12,2/18/15,0,0,0,0,0,0
fb_190,m,46.79,23.24,12,2/19/15,0,0,0,0,0,0
fb_191,m,46.91,23.25,13,2/10/15,0,0,0,0,0,0
fb_192,m,46.94,23.33,13,2/11/15,0,0,0,0,0,0
fb_193,m,47.4,23.84,13,2/12/15,0,0,0,0,0,0
fb_194,m,48.51,24.39,14,2/13/15,0,0,0,0,0,0
fb_195,m,48.62,24.44,14,2/14/15,0,0,0,0,0,0
fb_196,m,48.79,24.84,14,2/15/15,0,0,0,0,0,0
fb_197,m,49.03,25.42,15,2/16/15,0,0,0,0,0,0
fb_198,m,49.24,25.62,16,2/17/15,0,0,0,0,0,0
fb_199,m,49.28,26.15,16,2/18/15,0,0,0,0,0,0
fb_200,m,49.88,26.68,17,2/19/15,0,0,0,0,0,0
fb_201,f,48.3,26.19,20,3/12/15,1,1,1,92,92,62
fb_202,f,49.29,26.38,21,3/13/15,1,0,0,0,0,0
fb_203,f,50.54,26.65,21,3/14/15,1,1,1,71,71,41
fb_204,f,50.68,26.9,21,3/15/15,1,1,1,94,94,64
fb_205,f,50.88,27.63,22,3/16/15,1,1,1,93,93,63
fb_206,f,50.95,27.77,22,3/17/15,1,1,1,79,79,49
fb_207,f,51.07,27.84,22,3/18/15,1,1,1,104,104,74
fb_208,f,51.22,27.85,22,3/19/15,1,0,0,0,0,0
fb_209,f,51.37,27.87,22,3/20/15,1,0,0,0,0,0
fb_210,f,51.53,27.89,23,3/21/15,1,0,0,0,0,0
fb_211,f,51.81,27.9,23,3/12/15,1,0,0,0,0,0
fb_212,f,51.93,28.02,24,3/13/15,1,1,1,98,98,68
fb_213,f,52.04,28.19,25,3/14/15,1,0,0,0,0,0
fb_214,f,52.27,28.22,25,3/15/15,1,1,1,95,95,65
fb_215,f,52.33,28.35,26,3/16/15,1,0,0,0,0,0
fb_216,f,52.44,28.38,26,3/17/15,1,0,0,0,0,0
fb_217,f,52.65,28.69,26,3/18/15,1,0,0,0,0,0
fb_218,f,53.21,28.85,27,3/19/15,1,0,0,0,0,0
fb_219,f,53.26,28.88,27,3/20/15,1,1,1,92,92,62
fb_220,f,53.98,29.82,27,3/21/15,1,0,0,0,0,0
fb_221,f,70.84,46.9,79,3/12/15,0,0,0,0,0,0
fb_222,f,71.28,47.91,83,3/13/15,0,0,0,0,0,0
fb_223,f,71.48,48.74,88,3/14/15,0,0,0,0,0,0
fb_224,f,71.49,50.06,89,3/15/15,0,0,0,0,0,0
fb_225,f,71.62,50.48,90,3/16/15,0,0,0,0,0,0
fb_226,f,71.69,50.55,91,3/17/15,0,0,0,0,0,0
fb_227,f,71.74,50.55,91,3/18/15,1,0,0,0,9,0
fb_228,f,71.88,50.86,94,3/19/15,0,0,0,0,0,0
fb_229,f,71.92,50.87,96,3/20/15,0,0,0,0,0,0
fb_230,f,72.04,50.95,98,3/21/15,0,0,0,0,0,0
fb_231,f,72.11,51.05,98,3/12/15,0,0,0,0,0,0
fb_232,f,72.15,51.08,98,3/13/15,0,0,0,0,0,0
fb_233,f,72.19,51.45,98,3/14/15,0,0,0,0,0,0
fb_234,f,72.23,51.53,98,3/15/15,0,0,0,0,0,0
fb_235,f,72.25,51.97,100,3/16/15,0,0,0,0,0,0
fb_236,f,72.32,52.2,100,3/17/15,0,0,0,0,0,0
fb_237,f,72.38,52.45,101,3/18/15,0,0,0,0,0,0
fb_238,f,72.39,52.48,102,3/19/15,0,0,0,0,0,0
fb_239,f,72.41,52.58,104,3/20/15,0,0,0,0,0,0
fb_240,f,72.43,52.64,104,3/21/15,0,0,0,0,0,0
fb_241,f,72.44,52.71,105,3/12/15,0,0,0,0,0,0
fb_242,f,72.45,52.79,106,3/13/15,0,0,0,0,0,0
fb_243,f,72.48,52.82,106,3/14/15,0,0,0,0,0,0
fb_244,f,72.49,52.9,106,3/15/15,0,0,0,0,0,0
fb_245,f,72.56,52.92,107,3/16/15,0,0,0,0,0,0
fb_246,f,72.56,52.96,107,3/17/15,1,0,0,0,17,0
fb_247,f,72.59,52.99,108,3/18/15,1,0,0,0,11,0
fb_248,f,72.67,53.08,108,3/19/15,0,0,0,0,0,0
fb_249,f,72.82,53.09,108,3/20/15,0,0,0,0,0,0
fb_250,f,73.06,53.1,109,3/21/15,0,0,0,0,0,0
fb_251,f,73.07,53.72,109,3/12/15,0,0,0,0,0,0
fb_252,f,73.09,54.31,109,3/13/15,0,0,0,0,0,0
fb_253,f,73.33,54.32,110,3/14/15,0,0,0,0,0,0
fb_254,f,73.34,54.33,111,3/15/15,0,0,0,0,0,0
fb_255,f,73.35,54.6,111,3/16/15,0,0,0,0,0,0
fb_256,f,73.37,54.62,112,3/17/15,1,0,0,0,5,0
fb_257,f,73.61,54.65,112,3/18/15,0,0,0,0,0,0
fb_258,f,73.67,54.83,123,3/19/15,0,0,0,0,0,0
fb_259,f,74.14,54.99,124,3/20/15,0,0,0,0,0,0
fb_260,f,74.22,56.01,126,3/21/15,0,0,0,0,0,0
fb_261,m,77.08,66.81,83,3/12/15,0,0,0,0,0,0
fb_262,m,77.86,66.83,83,3/13/15,0,0,0,0,0,0
fb_263,m,77.97,67,83,3/14/15,0,0,0,0,0,0
fb_264,m,78.11,67.35,84,3/15/15,0,0,0,0,0,0
fb_265,m,78.13,67.72,87,3/16/15,0,0,0,0,0,0
fb_266,m,78.33,67.75,88,3/17/15,0,0,0,0,0,0
fb_267,m,78.36,68.13,91,3/18/15,0,0,0,0,0,0
fb_268,m,78.52,68.28,95,3/19/15,1,0,0,0,14,0
fb_269,m,78.59,69.1,95,3/20/15,0,0,0,0,0,0
fb_270,m,78.62,69.49,97,3/21/15,0,0,0,0,0,0
fb_271,m,78.64,69.72,97,3/12/15,0,0,0,0,0,0
fb_272,m,78.76,70.02,98,3/13/15,0,0,0,0,0,0
fb_273,m,78.65,69.67,103,3/14/15,0,0,0,0,0,0
fb_274,m,78.71,69.79,104,3/15/15,0,0,0,0,0,0
fb_275,m,78.8,70.12,106,3/16/15,0,0,0,0,0,0
fb_276,m,78.92,70.74,106,3/17/15,1,0,0,0,14,0
fb_277,m,79.01,70.9,108,3/18/15,0,0,0,0,0,0
fb_278,m,79.03,71.38,108,3/19/15,0,0,0,0,0,0
fb_279,m,79.13,71.91,108,3/20/15,0,0,0,0,0,0
fb_280,m,79.13,72.02,110,3/21/15,0,0,0,0,0,0
fb_281,m,79.57,72.11,111,3/12/15,0,0,0,0,0,0
fb_282,m,79.17,71.53,115,3/13/15,0,0,0,0,0,0
fb_283,m,79.17,71.87,117,3/14/15,0,0,0,0,0,0
fb_284,m,79.4,72.53,118,3/15/15,0,0,0,0,0,0
fb_285,m,79.48,73.85,123,3/16/15,0,0,0,0,0,0
fb_286,m,48.73,23.2,19,3/17/15,1,1,1,82,82,52
fb_287,m,50.18,26.69,21,3/18/15,1,1,1,85,85,55
fb_288,m,50.43,27.09,21,3/19/15,1,0,0,0,0,0
fb_289,m,50.44,27.36,21,3/20/15,1,1,1,92,92,62
fb_290,m,50.49,27.74,22,3/21/15,1,0,0,0,0,0
fb_291,m,50.61,27.75,22,3/12/15,1,0,0,0,0,0
fb_292,m,50.64,27.83,22,3/13/15,1,1,1,87,87,57
fb_293,m,51.1,28.34,22,3/14/15,1,1,1,85,85,55
fb_294,m,52.21,28.89,23,3/15/15,1,1,1,97,97,67
fb_295,m,52.32,28.94,23,3/16/15,1,1,1,89,89,59
fb_296,m,52.49,29.34,23,3/17/15,1,1,1,89,89,59
fb_297,m,52.73,29.92,24,3/18/15,1,1,1,101,101,71
fb_298,m,52.94,30.12,25,3/19/15,0,0,0,0,0,0
fb_299,m,52.98,30.65,25,3/20/15,0,0,0,0,0,0
fb_300,m,53.58,31.18,26,3/21/15,0,0,0,0,0,0
fb_301,f,51.93,30.35,29,4/11/15,1,1,1,79,79,49
fb_302,f,52.92,30.54,30,4/12/15,1,1,1,95,95,65
fb_303,f,54.17,30.81,30,4/13/15,1,1,1,95,95,65
fb_304,f,54.31,31.06,30,4/14/15,1,0,0,0,0,0
fb_305,f,54.51,31.79,31,4/15/15,1,0,0,0,0,0
fb_306,f,54.58,31.93,31,4/16/15,1,0,0,0,0,0
fb_307,f,54.7,32,31,4/17/15,1,0,0,0,0,0
fb_308,f,54.85,32.01,31,4/18/15,1,0,0,0,0,0
fb_309,f,55,32.03,32,4/19/15,1,0,0,0,0,0
fb_310,f,55.16,32.05,32,4/20/15,1,0,0,0,0,0
fb_311,f,55.44,32.06,32,4/11/15,1,0,0,0,0,0
fb_312,f,55.56,32.18,33,4/12/15,1,1,1,97,97,67
fb_313,f,55.67,32.35,34,4/13/15,1,0,0,0,0,0
fb_314,f,55.9,32.38,35,4/14/15,1,1,1,92,92,62
fb_315,f,55.96,32.51,35,4/15/15,0,0,0,0,0,0
fb_316,f,56.07,32.54,35,4/16/15,1,1,1,82,82,52
fb_317,f,56.28,32.85,35,4/17/15,1,1,1,100,100,70
fb_318,f,56.84,33.01,36,4/18/15,0,0,0,0,0,0
fb_319,f,56.89,33.04,36,4/19/15,1,1,1,93,93,63
fb_320,f,57.61,33.98,36,4/20/15,0,0,0,0,0,0
fb_321,f,71.97,49.13,90,4/11/15,0,0,0,0,0,0
fb_322,f,72.62,50.14,94,4/12/15,0,0,0,0,0,0
fb_323,f,72.75,50.97,100,4/13/15,0,0,0,0,0,0
fb_324,f,72.81,52.09,100,4/14/15,0,0,0,0,0,0
fb_325,f,72.81,52.51,101,4/15/15,0,0,0,0,0,0
fb_326,f,72.82,52.58,102,4/16/15,0,0,0,0,0,0
fb_327,f,72.87,52.69,102,4/17/15,0,0,0,0,0,0
fb_328,f,73.05,52.7,105,4/18/15,0,0,0,0,0,0
fb_329,f,73.21,52.78,107,4/19/15,0,0,0,0,0,0
fb_330,f,73.28,52.91,109,4/20/15,0,0,0,0,0,0
fb_331,f,73.32,53.08,109,4/11/15,0,0,0,0,0,0
fb_332,f,73.36,53.18,109,4/12/15,0,0,0,0,0,0
fb_333,f,73.37,53.36,109,4/13/15,0,0,0,0,0,0
fb_334,f,73.38,53.48,109,4/14/15,0,0,0,0,0,0
fb_335,f,73.44,54,111,4/15/15,0,0,0,0,0,0
fb_336,f,73.54,54.23,111,4/16/15,0,0,0,0,0,0
fb_337,f,73.56,54.31,112,4/17/15,0,0,0,0,0,0
fb_338,f,73.57,54.41,113,4/18/15,0,0,0,0,0,0
fb_339,f,73.58,54.48,115,4/19/15,0,0,0,0,0,0
fb_340,f,73.61,54.62,116,4/20/15,0,0,0,0,0,0
fb_341,f,73.65,54.65,116,4/11/15,0,0,0,0,0,0
fb_342,f,73.69,54.67,117,4/12/15,0,0,0,0,0,0
fb_343,f,73.72,54.74,117,4/13/15,0,0,0,0,0,0
fb_344,f,73.82,54.79,117,4/14/15,0,0,0,0,0,0
fb_345,f,73.89,54.82,118,4/15/15,0,0,0,0,0,0
fb_346,f,73.91,54.91,118,4/16/15,0,0,0,0,0,0
fb_347,f,73.92,54.92,119,4/17/15,0,0,0,0,0,0
fb_348,f,74.15,54.93,119,4/18/15,0,0,0,0,0,0
fb_349,f,74.2,54.93,119,4/19/15,0,0,0,0,0,0
fb_350,f,74.2,54.95,120,4/20/15,0,0,0,0,0,0
fb_351,f,74.39,55.55,120,4/11/15,0,0,0,0,0,0
fb_352,f,74.42,55.76,120,4/12/15,0,0,0,0,0,0
fb_353,f,74.46,56.14,121,4/13/15,0,0,0,0,0,0
fb_354,f,74.5,56.15,122,4/14/15,0,0,0,0,0,0
fb_355,f,74.6,56.28,123,4/15/15,0,0,0,0,0,0
fb_356,f,74.74,56.43,123,4/16/15,0,0,0,0,0,0
fb_357,f,74.87,56.45,123,4/17/15,0,0,0,0,0,0
fb_358,f,74.87,56.66,134,4/18/15,0,0,0,0,0,0
fb_359,f,74.88,56.82,136,4/19/15,0,0,0,0,0,0
fb_360,f,74.95,57.44,137,4/20/15,0,0,0,0,0,0
fb_361,m,80.78,71.31,94,4/11/15,1,0,0,0,9,0
fb_362,m,81.56,71.33,94,4/12/15,0,0,0,0,0,0
fb_363,m,81.67,71.5,95,4/13/15,0,0,0,0,0,0
fb_364,m,81.81,71.85,96,4/14/15,0,0,0,0,0,0
fb_365,m,81.83,72.22,98,4/15/15,1,0,0,0,9,0
fb_366,m,82.03,72.25,99,4/16/15,0,0,0,0,0,0
fb_367,m,81.86,72.13,102,4/17/15,0,0,0,0,0,0
fb_368,m,82.02,72.28,106,4/18/15,0,0,0,0,0,0
fb_369,m,82.09,73.1,106,4/19/15,0,0,0,0,0,0
fb_370,m,82.12,73.49,108,4/20/15,0,0,0,0,0,0
fb_371,m,82.14,73.72,108,4/11/15,1,0,0,0,9,0
fb_372,m,82.26,74.02,109,4/12/15,0,0,0,0,0,0
fb_373,m,81.95,73.47,114,4/13/15,0,0,0,0,0,0
fb_374,m,82.01,73.59,115,4/14/15,0,0,0,0,0,0
fb_375,m,82.1,73.92,117,4/15/15,0,0,0,0,0,0
fb_376,m,82.22,74.54,117,4/16/15,0,0,0,0,0,0
fb_377,m,82.31,74.7,119,4/17/15,0,0,0,0,0,0
fb_378,m,82.33,75.18,119,4/18/15,0,0,0,0,0,0
fb_379,m,82.43,75.71,119,4/19/15,0,0,0,0,0,0
fb_380,m,82.43,75.82,121,4/20/15,0,0,0,0,0,0
fb_381,m,82.87,75.91,122,4/11/15,0,0,0,0,0,0
fb_382,m,82.27,75.13,126,4/12/15,0,0,0,0,0,0
fb_383,m,82.27,75.47,128,4/13/15,0,0,0,0,0,0
fb_384,m,82.5,76.13,129,4/14/15,0,0,0,0,0,0
fb_385,m,82.58,77.45,134,4/15/15,0,0,0,0,0,0
fb_386,m,52.43,27.7,28,4/16/15,0,0,0,0,0,0
fb_387,m,53.88,31.19,30,4/17/15,1,1,1,90,90,60
fb_388,m,54.13,31.59,30,4/18/15,0,0,0,0,0,0
fb_389,m,54.14,31.86,30,4/19/15,0,0,0,0,0,0
fb_390,m,54.19,32.24,31,4/20/15,0,0,0,0,0,0
fb_391,m,54.31,32.25,31,4/11/15,0,0,0,0,0,0
fb_392,m,54.34,32.33,31,4/12/15,0,0,0,0,0,0
fb_393,m,54.8,32.84,31,4/13/15,1,1,1,91,91,61
fb_394,m,55.91,33.39,32,4/14/15,0,0,0,0,0,0
fb_395,m,56.02,33.44,32,4/15/15,0,0,0,0,0,0
fb_396,m,56.19,33.84,32,4/16/15,0,0,0,0,0,0
fb_397,m,56.43,34.42,33,4/17/15,0,0,0,0,0,0
fb_398,m,56.64,34.62,34,4/18/15,1,1,1,80,80,50
fb_399,m,56.68,35.15,34,4/19/15,0,0,0,0,0,0
fb_400,m,57.28,35.68,35,4/20/15,1,1,1,99,99,69
fb_401,f,55.56,34.51,38,5/11/15,0,0,0,0,0,0
fb_402,f,56.55,34.7,39,5/12/15,0,0,0,0,0,0
fb_403,f,57.8,34.97,39,5/13/15,1,1,1,86,86,56
fb_404,f,57.94,35.22,39,5/14/15,0,0,0,0,0,0
fb_405,f,58.14,35.95,40,5/15/15,1,1,1,91,91,61
fb_406,f,58.21,36.09,40,5/16/15,1,1,1,96,96,66
fb_407,f,58.33,36.16,40,5/17/15,0,0,0,0,0,0
fb_408,f,58.48,36.17,40,5/18/15,0,0,0,0,0,0
fb_409,f,58.63,36.19,41,5/19/15,0,0,0,0,0,0
fb_410,f,58.79,36.21,41,5/20/15,1,0,0,0,37,0
fb_411,f,59.07,36.22,41,5/11/15,1,1,0,45,45,0
fb_412,f,59.19,36.34,42,5/12/15,0,0,0,0,0,0
fb_413,f,59.3,36.51,44,5/13/15,0,0,0,0,0,0
fb_414,f,59.53,36.54,44,5/14/15,0,0,0,0,0,0
fb_415,f,59.59,36.67,44,5/15/15,0,0,0,0,0,0
fb_416,f,59.7,36.7,44,5/16/15,0,0,0,0,0,0
fb_417,f,59.91,37.01,44,5/17/15,1,1,0,45,45,0
fb_418,f,60.47,37.17,45,5/18/15,0,0,0,0,0,0
fb_419,f,60.52,37.2,45,5/19/15,1,1,0,41,41,0
fb_420,f,61.24,38.14,45,5/20/15,0,0,0,0,0,0
fb_421,f,72.9,51.16,101,5/11/15,0,0,0,0,0,0
fb_422,f,73.55,52.17,106,5/12/15,0,0,0,0,0,0
fb_423,f,73.68,53,111,5/13/15,0,0,0,0,0,0
fb_424,f,73.75,53.92,111,5/14/15,0,0,0,0,0,0
fb_425,f,73.8,54.32,112,5/15/15,0,0,0,0,0,0
fb_426,f,73.94,54.33,113,5/16/15,0,0,0,0,0,0
fb_427,f,73.98,54.34,113,5/17/15,0,0,0,0,0,0
fb_428,f,74.14,54.41,116,5/18/15,0,0,0,0,0,0
fb_429,f,74.21,54.54,119,5/19/15,0,0,0,0,0,0
fb_430,f,74.25,54.81,120,5/20/15,0,0,0,0,0,0
fb_431,f,74.29,54.91,120,5/11/15,0,0,0,0,0,0
fb_432,f,74.31,54.99,120,5/12/15,0,0,0,0,0,0
fb_433,f,74.34,55.21,120,5/13/15,0,0,0,0,0,0
fb_434,f,74.47,55.31,121,5/14/15,0,0,0,0,0,0
fb_435,f,74.49,55.83,122,5/15/15,0,0,0,0,0,0
fb_436,f,74.5,55.94,122,5/16/15,0,0,0,0,0,0
fb_437,f,74.5,56.04,123,5/17/15,0,0,0,0,0,0
fb_438,f,74.51,56.06,124,5/18/15,1,0,0,0,2,0
fb_439,f,74.54,56.25,126,5/19/15,0,0,0,0,0,0
fb_440,f,74.57,56.28,127,5/20/15,0,0,0,0,0,0
fb_441,f,74.62,56.31,127,5/11/15,0,0,0,0,0,0
fb_442,f,74.78,56.42,128,5/12/15,0,0,0,0,0,0
fb_443,f,74.85,56.45,128,5/13/15,0,0,0,0,0,0
fb_444,f,74.95,56.5,128,5/14/15,0,0,0,0,0,0
fb_445,f,75.02,56.54,129,5/15/15,0,0,0,0,0,0
fb_446,f,75.05,56.55,130,5/16/15,0,0,0,0,0,0
fb_447,f,75.13,56.56,130,5/17/15,0,0,0,0,0,0
fb_448,f,75.24,56.57,130,5/18/15,0,0,0,0,0,0
fb_449,f,75.28,56.76,131,5/19/15,0,0,0,0,0,0
fb_450,f,75.33,56.78,131,5/20/15,0,0,0,0,0,0
fb_451,f,75.39,56.99,131,5/11/15,0,0,0,0,0,0
fb_452,f,75.4,57.18,131,5/12/15,0,0,0,0,0,0
fb_453,f,75.43,57.71,133,5/13/15,0,0,0,0,0,0
fb_454,f,75.48,57.77,133,5/14/15,0,0,0,0,0,0
fb_455,f,75.52,57.78,134,5/15/15,0,0,0,0,0,0
fb_456,f,75.53,58.06,134,5/16/15,0,0,0,0,0,0
fb_457,f,75.55,58.08,134,5/17/15,0,0,0,0,0,0
fb_458,f,75.67,58.29,146,5/18/15,0,0,0,0,0,0
fb_459,f,76.2,58.45,147,5/19/15,0,0,0,0,0,0
fb_460,f,76.21,58.67,148,5/20/15,0,0,0,0,0,0
fb_461,m,84.28,75.31,105,5/11/15,0,0,0,0,0,0
fb_462,m,85.06,75.33,105,5/12/15,0,0,0,0,0,0
fb_463,m,85.17,75.5,106,5/13/15,0,0,0,0,0,0
fb_464,m,85.31,75.85,107,5/14/15,0,0,0,0,0,0
fb_465,m,85.33,76.22,110,5/15/15,1,0,0,0,7,0
fb_466,m,85.53,76.25,110,5/16/15,0,0,0,0,0,0
fb_467,m,85.16,75.93,113,5/17/15,0,0,0,0,0,0
fb_468,m,85.32,76.08,117,5/18/15,0,0,0,0,0,0
fb_469,m,85.39,76.9,117,5/19/15,0,0,0,0,0,0
fb_470,m,85.42,77.29,119,5/20/15,0,0,0,0,0,0
fb_471,m,85.44,77.52,119,5/11/15,0,0,0,0,0,0
fb_472,m,85.56,77.82,121,5/12/15,0,0,0,0,0,0
fb_473,m,85.05,77.07,125,5/13/15,0,0,0,0,0,0
fb_474,m,85.11,77.19,126,5/14/15,0,0,0,0,0,0
fb_475,m,85.2,77.52,128,5/15/15,0,0,0,0,0,0
fb_476,m,85.32,78.14,128,5/16/15,0,0,0,0,0,0
fb_477,m,85.41,78.3,130,5/17/15,0,0,0,0,0,0
fb_478,m,85.43,78.78,130,5/18/15,0,0,0,0,0,0
fb_479,m,85.53,79.31,130,5/19/15,0,0,0,0,0,0
fb_480,m,85.53,79.42,132,5/20/15,0,0,0,0,0,0
fb_481,m,85.97,79.51,133,5/11/15,0,0,0,0,0,0
fb_482,m,85.27,78.53,137,5/12/15,0,0,0,0,0,0
fb_483,m,85.27,78.87,139,5/13/15,0,0,0,0,0,0
fb_484,m,85.5,79.53,140,5/14/15,0,0,0,0,0,0
fb_485,m,85.58,80.85,145,5/15/15,0,0,0,0,0,0
fb_486,m,56.13,32.2,37,5/16/15,0,0,0,0,0,0
fb_487,m,57.58,35.69,39,5/17/15,0,0,0,0,0,0
fb_488,m,57.83,36.09,39,5/18/15,1,1,1,90,90,60
fb_489,m,57.84,36.36,39,5/19/15,0,0,0,0,0,0
fb_490,m,57.89,36.74,40,5/20/15,0,0,0,0,0,0
fb_491,m,58.01,36.75,40,5/11/15,0,0,0,0,0,0
fb_492,m,58.04,36.83,40,5/12/15,0,0,0,0,0,0
fb_493,m,58.5,37.34,41,5/13/15,0,0,0,0,0,0
fb_494,m,59.61,37.89,41,5/14/15,0,0,0,0,0,0
fb_495,m,59.72,37.94,41,5/15/15,0,0,0,0,0,0
fb_496,m,59.89,38.34,41,5/16/15,0,0,0,0,0,0
fb_497,m,60.13,38.92,42,5/17/15,0,0,0,0,0,0
fb_498,m,60.34,39.12,43,5/18/15,0,0,0,0,0,0
fb_499,m,60.38,39.65,43,5/19/15,0,0,0,0,0,0
fb_500,m,60.98,40.18,44,5/20/15,0,0,0,0,0,0
fb_501,f,59.19,38.67,47,6/10/15,0,0,0,0,0,0
fb_502,f,60.18,38.86,48,6/11/15,0,0,0,0,0,0
fb_503,f,61.43,39.13,48,6/12/15,0,0,0,0,0,0
fb_504,f,61.57,39.38,49,6/13/15,0,0,0,0,0,0
fb_505,f,61.77,40.11,49,6/14/15,0,0,0,0,0,0
fb_506,f,61.84,40.25,49,6/15/15,0,0,0,0,0,0
fb_507,f,61.96,40.32,49,6/16/15,0,0,0,0,0,0
fb_508,f,62.11,40.33,49,6/17/15,1,1,0,50,50,0
fb_509,f,62.26,40.35,50,6/18/15,0,0,0,0,0,0
fb_510,f,62.42,40.37,50,6/19/15,0,0,0,0,0,0
fb_511,f,62.7,40.38,51,6/10/15,1,1,0,44,44,0
fb_512,f,62.82,40.5,51,6/11/15,0,0,0,0,0,0
fb_513,f,62.93,40.67,53,6/12/15,0,0,0,0,0,0
fb_514,f,63.16,40.7,53,6/13/15,0,0,0,0,0,0
fb_515,f,63.22,40.83,53,6/14/15,0,0,0,0,0,0
fb_516,f,63.33,40.86,53,6/15/15,0,0,0,0,0,0
fb_517,f,63.54,41.17,53,6/16/15,0,0,0,0,0,0
fb_518,f,64.1,41.33,54,6/17/15,0,0,0,0,0,0
fb_519,f,64.15,41.36,54,6/18/15,0,0,0,0,0,0
fb_520,f,64.87,42.3,54,6/19/15,0,0,0,0,0,0
fb_521,f,74.03,52.99,112,6/10/15,0,0,0,0,0,0
fb_522,f,74.68,54,117,6/11/15,0,0,0,0,0,0
fb_523,f,74.81,54.83,122,6/12/15,0,0,0,0,0,0
fb_524,f,74.87,55.75,122,6/13/15,0,0,0,0,0,0
fb_525,f,74.88,55.96,123,6/14/15,0,0,0,0,0,0
fb_526,f,74.91,55.97,124,6/15/15,0,0,0,0,0,0
fb_527,f,74.93,56.04,124,6/16/15,0,0,0,0,0,0
fb_528,f,75.07,56.15,128,6/17/15,0,0,0,0,0,0
fb_529,f,75.14,56.17,130,6/18/15,0,0,0,0,0,0
fb_530,f,75.18,56.44,131,6/19/15,0,0,0,0,0,0
fb_531,f,75.22,56.54,131,6/10/15,0,0,0,0,0,0
fb_532,f,75.24,56.62,131,6/11/15,0,0,0,0,0,0
fb_533,f,75.24,56.84,132,6/12/15,0,0,0,0,0,0
fb_534,f,75.27,56.94,132,6/13/15,0,0,0,0,0,0
fb_535,f,75.27,57.46,133,6/14/15,0,0,0,0,0,0
fb_536,f,75.3,57.49,133,6/15/15,0,0,0,0,0,0
fb_537,f,75.35,57.57,134,6/16/15,0,0,0,0,0,0
fb_538,f,75.4,57.67,136,6/17/15,0,0,0,0,0,0
fb_539,f,75.42,57.68,137,6/18/15,0,0,0,0,0,0
fb_540,f,75.43,57.71,138,6/19/15,0,0,0,0,0,0
fb_541,f,75.43,57.74,138,6/10/15,1,0,0,0,6,0
fb_542,f,75.51,57.85,139,6/11/15,0,0,0,0,0,0
fb_543,f,75.58,57.88,139,6/12/15,0,0,0,0,0,0
fb_544,f,75.68,57.93,139,6/13/15,0,0,0,0,0,0
fb_545,f,75.75,57.97,140,6/14/15,0,0,0,0,0,0
fb_546,f,75.78,57.98,141,6/15/15,0,0,0,0,0,0
fb_547,f,75.86,57.99,141,6/16/15,0,0,0,0,0,0
fb_548,f,75.97,58,141,6/17/15,0,0,0,0,0,0
fb_549,f,76.01,58.19,142,6/18/15,0,0,0,0,0,0
fb_550,f,76.06,58.21,142,6/19/15,0,0,0,0,0,0
fb_551,f,76.12,58.42,142,6/10/15,0,0,0,0,0,0
fb_552,f,76.13,58.45,143,6/11/15,0,0,0,0,0,0
fb_553,f,76.16,58.61,144,6/12/15,0,0,0,0,0,0
fb_554,f,76.2,58.67,145,6/13/15,0,0,0,0,0,0
fb_555,f,76.2,59.14,145,6/14/15,0,0,0,0,0,0
fb_556,f,76.21,59.2,145,6/15/15,0,0,0,0,0,0
fb_557,f,76.21,59.21,145,6/16/15,0,0,0,0,0,0
fb_558,f,76.25,59.49,157,6/17/15,0,0,0,0,0,0
fb_559,f,76.26,59.51,158,6/18/15,0,0,0,0,0,0
fb_560,f,76.28,59.52,159,6/19/15,0,0,0,0,0,0
fb_561,m,59.83,36.7,46,6/10/15,0,0,0,0,0,0
fb_562,m,61.28,40.19,48,6/11/15,0,0,0,0,0,0
fb_563,m,61.53,40.59,48,6/12/15,0,0,0,0,0,0
fb_564,m,61.54,40.86,48,6/13/15,0,0,0,0,0,0
fb_565,m,61.59,41.24,49,6/14/15,0,0,0,0,0,0
fb_566,m,61.71,41.25,49,6/15/15,0,0,0,0,0,0
fb_567,m,61.74,41.33,49,6/16/15,0,0,0,0,0,0
fb_568,m,62.2,41.84,50,6/17/15,0,0,0,0,0,0
fb_569,m,63.31,42.39,50,6/18/15,0,0,0,0,0,0
fb_570,m,63.42,42.44,50,6/19/15,0,0,0,0,0,0
fb_571,m,63.59,42.84,50,6/10/15,0,0,0,0,0,0
fb_572,m,63.83,43.42,51,6/11/15,0,0,0,0,0,0
fb_573,m,64.04,43.62,52,6/12/15,0,0,0,0,0,0
fb_574,m,64.08,44.15,53,6/13/15,0,0,0,0,0,0
fb_575,m,64.68,44.68,53,6/14/15,0,0,0,0,0,0
fb_576,m,87.58,79.11,116,6/15/15,0,0,0,0,0,0
fb_577,m,88.05,79.13,116,6/16/15,0,0,0,0,0,0
fb_578,m,88.07,79.3,117,6/17/15,0,0,0,0,0,0
fb_579,m,88.07,79.53,118,6/18/15,0,0,0,0,0,0
fb_580,m,88.11,79.65,121,6/19/15,0,0,0,0,0,0
fb_581,m,88.2,79.68,121,6/10/15,0,0,0,0,0,0
fb_582,m,88.26,80.02,124,6/11/15,0,0,0,0,0,0
fb_583,m,88.3,80.05,128,6/12/15,0,0,0,0,0,0
fb_584,m,88.32,80.47,128,6/13/15,0,0,0,0,0,0
fb_585,m,88.36,80.5,130,6/14/15,0,0,0,0,0,0
fb_586,m,88.38,80.59,130,6/15/15,0,0,0,0,0,0
fb_587,m,88.41,80.89,132,6/16/15,0,0,0,0,0,0
fb_588,m,88.42,80.92,136,6/17/15,0,0,0,0,0,0
fb_589,m,88.43,81.12,137,6/18/15,0,0,0,0,0,0
fb_590,m,88.47,81.42,139,6/19/15,0,0,0,0,0,0
fb_591,m,88.49,81.54,140,6/10/15,0,0,0,0,0,0
fb_592,m,88.52,81.7,141,6/11/15,0,0,0,0,0,0
fb_593,m,88.53,81.73,141,6/12/15,0,0,0,0,0,0
fb_594,m,88.53,82.07,141,6/13/15,0,0,0,0,0,0
fb_595,m,88.54,82.18,143,6/14/15,0,0,0,0,0,0
fb_596,m,88.61,82.71,145,6/15/15,0,0,0,0,0,0
fb_597,m,88.63,82.73,148,6/16/15,0,0,0,0,0,0
fb_598,m,88.66,82.82,150,6/17/15,0,0,0,0,0,0
fb_599,m,88.83,82.91,151,6/18/15,0,0,0,0,0,0
fb_600,m,88.97,84.05,156,6/19/15,0,0,0,0,0,0
fb_601,f,62.82,42.83,55,7/10/15,0,0,0,0,0,0
fb_602,f,63.81,43.02,56,7/11/15,0,0,0,0,0,0
fb_603,f,65.06,43.29,56,7/12/15,0,0,0,0,0,0
fb_604,f,65.2,43.54,57,7/13/15,0,0,0,0,0,0
fb_605,f,65.4,44.27,57,7/14/15,0,0,0,0,0,0
fb_606,f,65.47,44.41,57,7/15/15,0,0,0,0,0,0
fb_607,f,65.59,44.48,57,7/16/15,0,0,0,0,0,0
fb_608,f,65.74,44.49,58,7/17/15,1,1,0,41,41,0
fb_609,f,65.89,44.51,58,7/18/15,0,0,0,0,0,0
fb_610,f,66.05,44.53,58,7/19/15,0,0,0,0,0,0
fb_611,f,66.33,44.54,59,7/10/15,0,0,0,0,0,0
fb_612,f,66.45,44.66,59,7/11/15,0,0,0,0,0,0
fb_613,f,66.56,44.83,61,7/12/15,0,0,0,0,0,0
fb_614,f,66.79,44.86,61,7/13/15,0,0,0,0,0,0
fb_615,f,66.85,44.99,61,7/14/15,0,0,0,0,0,0
fb_616,f,66.96,45.02,61,7/15/15,0,0,0,0,0,0
fb_617,f,67.17,45.33,62,7/16/15,1,0,0,0,40,0
fb_618,f,67.73,45.49,62,7/17/15,0,0,0,0,0,0
fb_619,f,67.78,45.52,63,7/18/15,0,0,0,0,0,0
fb_620,f,68.5,46.46,63,7/19/15,0,0,0,0,0,0
fb_621,f,74.96,54.62,123,7/10/15,0,0,0,0,0,0
fb_622,f,75.61,55.63,128,7/11/15,0,0,0,0,0,0
fb_623,f,75.64,56.46,133,7/12/15,0,0,0,0,0,0
fb_624,f,75.66,57.38,133,7/13/15,0,0,0,0,0,0
fb_625,f,75.74,57.4,134,7/14/15,0,0,0,0,0,0
fb_626,f,75.8,57.47,135,7/15/15,0,0,0,0,0,0
fb_627,f,75.8,57.58,135,7/16/15,0,0,0,0,0,0
fb_628,f,75.81,57.59,139,7/17/15,0,0,0,0,0,0
fb_629,f,75.87,57.6,141,7/18/15,0,0,0,0,0,0
fb_630,f,75.91,57.87,142,7/19/15,0,0,0,0,0,0
fb_631,f,75.93,57.97,142,7/10/15,0,0,0,0,0,0
fb_632,f,75.95,58.05,142,7/11/15,0,0,0,0,0,0
fb_633,f,75.95,58.27,143,7/12/15,0,0,0,0,0,0
fb_634,f,75.96,58.37,143,7/13/15,0,0,0,0,0,0
fb_635,f,75.96,58.89,144,7/14/15,0,0,0,0,0,0
fb_636,f,75.97,58.9,144,7/15/15,0,0,0,0,0,0
fb_637,f,75.97,58.91,145,7/16/15,0,0,0,0,0,0
fb_638,f,76,58.92,147,7/17/15,0,0,0,0,0,0
fb_639,f,76,58.94,148,7/18/15,0,0,0,0,0,0
fb_640,f,76.03,58.97,149,7/19/15,0,0,0,0,0,0
fb_641,f,76.04,59,150,7/10/15,0,0,0,0,0,0
fb_642,f,76.08,59.08,150,7/11/15,0,0,0,0,0,0
fb_643,f,76.11,59.11,150,7/12/15,0,0,0,0,0,0
fb_644,f,76.21,59.16,151,7/13/15,0,0,0,0,0,0
fb_645,f,76.25,59.2,151,7/14/15,0,0,0,0,0,0
fb_646,f,76.26,59.21,152,7/15/15,0,0,0,0,0,0
fb_647,f,76.28,59.22,152,7/16/15,0,0,0,0,0,0
fb_648,f,76.28,59.23,152,7/17/15,0,0,0,0,0,0
fb_649,f,76.31,59.42,153,7/18/15,0,0,0,0,0,0
fb_650,f,76.39,59.44,153,7/19/15,0,0,0,0,0,0
fb_651,f,76.5,59.49,153,7/10/15,0,0,0,0,0,0
fb_652,f,76.54,59.51,154,7/11/15,0,0,0,0,0,0
fb_653,f,76.59,59.52,155,7/12/15,0,0,0,0,0,0
fb_654,f,76.65,59.65,156,7/13/15,0,0,0,0,0,0
fb_655,f,76.66,59.68,156,7/14/15,0,0,0,0,0,0
fb_656,f,76.69,59.84,156,7/15/15,0,0,0,0,0,0
fb_657,f,76.73,59.9,156,7/16/15,0,0,0,0,0,0
fb_658,f,76.73,60.37,168,7/17/15,0,0,0,0,0,0
fb_659,f,76.74,60.43,169,7/18/15,0,0,0,0,0,0
fb_660,f,76.74,60.44,170,7/19/15,0,0,0,0,0,0
fb_661,m,63.53,41.2,55,7/10/15,1,0,0,0,39,0
fb_662,m,64.98,44.69,56,7/11/15,0,0,0,0,0,0
fb_663,m,65.23,45.09,56,7/12/15,1,0,0,0,40,0
fb_664,m,65.24,45.36,56,7/13/15,0,0,0,0,0,0
fb_665,m,65.29,45.74,57,7/14/15,0,0,0,0,0,0
fb_666,m,65.41,45.75,57,7/15/15,0,0,0,0,0,0
fb_667,m,65.44,45.83,58,7/16/15,0,0,0,0,0,0
fb_668,m,65.9,46.34,58,7/17/15,1,0,0,0,39,0
fb_669,m,67.01,46.89,58,7/18/15,1,0,0,0,40,0
fb_670,m,67.12,46.94,58,7/19/15,0,0,0,0,0,0
fb_671,m,67.29,47.34,58,7/10/15,1,0,0,0,36,0
fb_672,m,67.53,47.92,59,7/11/15,0,0,0,0,0,0
fb_673,m,67.74,48.12,60,7/12/15,0,0,0,0,0,0
fb_674,m,67.78,48.65,61,7/13/15,0,0,0,0,0,0
fb_675,m,68.38,49.18,61,7/14/15,1,0,0,0,39,0
fb_676,m,88.63,82.71,127,7/15/15,0,0,0,0,0,0
fb_677,m,88.66,82.73,127,7/16/15,0,0,0,0,0,0
fb_678,m,88.83,82.73,128,7/17/15,0,0,0,0,0,0
fb_679,m,88.97,82.82,129,7/18/15,0,0,0,0,0,0
fb_680,m,90.68,82.9,132,7/19/15,0,0,0,0,0,0
fb_681,m,91.15,82.91,133,7/10/15,0,0,0,0,0,0
fb_682,m,91.17,83.13,135,7/11/15,0,0,0,0,0,0
fb_683,m,91.17,83.25,139,7/12/15,0,0,0,0,0,0
fb_684,m,91.21,83.28,139,7/13/15,0,0,0,0,0,0
fb_685,m,91.22,83.42,141,7/14/15,0,0,0,0,0,0
fb_686,m,91.23,83.45,141,7/15/15,1,0,0,0,3,0
fb_687,m,91.26,83.87,143,7/16/15,0,0,0,0,0,0
fb_688,m,91.27,83.9,147,7/17/15,0,0,0,0,0,0
fb_689,m,91.29,83.99,148,7/18/15,0,0,0,0,0,0
fb_690,m,91.3,84.05,150,7/19/15,0,0,0,0,0,0
fb_691,m,91.3,84.12,151,7/10/15,0,0,0,0,0,0
fb_692,m,91.32,84.29,152,7/11/15,0,0,0,0,0,0
fb_693,m,91.32,84.32,152,7/12/15,0,0,0,0,0,0
fb_694,m,91.33,84.62,152,7/13/15,0,0,0,0,0,0
fb_695,m,91.33,84.74,154,7/14/15,0,0,0,0,0,0
fb_696,m,91.34,84.9,156,7/15/15,0,0,0,0,0,0
fb_697,m,91.36,84.93,159,7/16/15,0,0,0,0,0,0
fb_698,m,91.38,85.27,161,7/17/15,0,0,0,0,0,0
fb_699,m,91.41,85.38,162,7/18/15,0,0,0,0,0,0
fb_700,m,91.41,85.91,167,7/19/15,0,0,0,0,0,0
fb_701,f,66.45,46.99,64,8/9/15,0,0,0,0,0,0
fb_702,f,67.44,47.18,66,8/10/15,0,0,0,0,0,0
fb_703,f,68.69,47.45,67,8/11/15,0,0,0,0,0,0
fb_704,f,68.83,47.7,67,8/12/15,0,0,0,0,0,0
fb_705,f,69.03,48.43,67,8/13/15,0,0,0,0,0,0
fb_706,f,69.1,48.57,67,8/14/15,0,0,0,0,0,0
fb_707,f,69.22,48.64,67,8/15/15,0,0,0,0,0,0
fb_708,f,69.37,48.65,68,8/16/15,0,0,0,0,0,0
fb_709,f,69.52,48.67,68,8/17/15,0,0,0,0,0,0
fb_710,f,69.68,48.69,69,8/18/15,0,0,0,0,0,0
fb_711,f,69.96,48.7,69,8/9/15,0,0,0,0,0,0
fb_712,f,70.08,48.82,70,8/10/15,0,0,0,0,0,0
fb_713,f,70.19,48.99,71,8/11/15,0,0,0,0,0,0
fb_714,f,70.42,49.02,71,8/12/15,0,0,0,0,0,0
fb_715,f,70.48,49.15,71,8/13/15,0,0,0,0,0,0
fb_716,f,70.59,49.18,71,8/14/15,0,0,0,0,0,0
fb_717,f,70.8,49.49,72,8/15/15,1,0,0,0,22,0
fb_718,f,71.36,49.65,72,8/16/15,0,0,0,0,0,0
fb_719,f,71.41,49.68,73,8/17/15,1,0,0,0,21,0
fb_720,f,72.13,50.62,73,8/18/15,0,0,0,0,0,0
fb_721,f,75.69,56.05,135,8/9/15,0,0,0,0,0,0
fb_722,f,76,57.06,139,8/10/15,0,0,0,0,0,0
fb_723,f,76,57.89,144,8/11/15,0,0,0,0,0,0
fb_724,f,76.03,58.7,144,8/12/15,0,0,0,0,0,0
fb_725,f,76.04,58.81,146,8/13/15,0,0,0,0,0,0
fb_726,f,76.08,58.81,146,8/14/15,0,0,0,0,0,0
fb_727,f,76.11,58.82,147,8/15/15,0,0,0,0,0,0
fb_728,f,76.21,58.83,150,8/16/15,0,0,0,0,0,0
fb_729,f,76.25,58.83,152,8/17/15,0,0,0,0,0,0
fb_730,f,76.26,58.92,153,8/18/15,0,0,0,0,0,0
fb_731,f,76.28,58.94,153,8/9/15,0,0,0,0,0,0
fb_732,f,76.28,58.97,153,8/10/15,0,0,0,0,0,0
fb_733,f,76.31,59,154,8/11/15,0,0,0,0,0,0
fb_734,f,76.33,59.08,154,8/12/15,0,0,0,0,0,0
fb_735,f,76.33,59.1,155,8/13/15,0,0,0,0,0,0
fb_736,f,76.34,59.11,155,8/14/15,0,0,0,0,0,0
fb_737,f,76.34,59.16,157,8/15/15,0,0,0,0,0,0
fb_738,f,76.37,59.2,158,8/16/15,0,0,0,0,0,0
fb_739,f,76.39,59.2,159,8/17/15,0,0,0,0,0,0
fb_740,f,76.39,59.21,160,8/18/15,0,0,0,0,0,0
fb_741,f,76.4,59.22,161,8/9/15,0,0,0,0,0,0
fb_742,f,76.44,59.23,161,8/10/15,0,0,0,0,0,0
fb_743,f,76.46,59.28,162,8/11/15,0,0,0,0,0,0
fb_744,f,76.47,59.42,162,8/12/15,0,0,0,0,0,0
fb_745,f,76.48,59.44,162,8/13/15,0,0,0,0,0,0
fb_746,f,76.48,59.49,163,8/14/15,0,0,0,0,0,0
fb_747,f,76.49,59.5,163,8/15/15,0,0,0,0,0,0
fb_748,f,76.49,59.51,163,8/16/15,0,0,0,0,0,0
fb_749,f,76.5,59.52,164,8/17/15,0,0,0,0,0,0
fb_750,f,76.5,59.6,164,8/18/15,0,0,0,0,0,0
fb_751,f,76.5,59.65,165,8/9/15,0,0,0,0,0,0
fb_752,f,76.54,59.68,165,8/10/15,0,0,0,0,0,0
fb_753,f,76.59,59.84,166,8/11/15,0,0,0,0,0,0
fb_754,f,76.65,59.9,167,8/12/15,0,0,0,0,0,0
fb_755,f,76.66,60.12,167,8/13/15,0,0,0,0,0,0
fb_756,f,76.69,60.13,167,8/14/15,0,0,0,0,0,0
fb_757,f,76.73,60.14,167,8/15/15,0,0,0,0,0,0
fb_758,f,76.73,60.37,179,8/16/15,0,0,0,0,0,0
fb_759,f,76.74,60.43,221,8/17/15,0,0,0,0,0,0
fb_760,f,76.74,60.44,181,8/18/15,0,0,0,0,0,0
fb_761,m,67.23,45.7,64,8/9/15,0,0,0,0,0,0
fb_762,m,68.68,49.19,66,8/10/15,0,0,0,0,0,0
fb_763,m,68.93,49.59,66,8/11/15,0,0,0,0,0,0
fb_764,m,68.94,49.86,67,8/12/15,0,0,0,0,0,0
fb_765,m,68.99,50.24,67,8/13/15,0,0,0,0,0,0
fb_766,m,69.11,50.25,68,8/14/15,0,0,0,0,0,0
fb_767,m,69.14,50.33,68,8/15/15,0,0,0,0,0,0
fb_768,m,69.6,50.84,68,8/16/15,0,0,0,0,0,0
fb_769,m,70.71,51.39,68,8/17/15,0,0,0,0,0,0
fb_770,m,70.82,51.44,69,8/18/15,0,0,0,0,0,0
fb_771,m,70.99,51.84,69,8/9/15,0,0,0,0,0,0
fb_772,m,71.23,52.42,70,8/10/15,0,0,0,0,0,0
fb_773,m,71.44,52.62,70,8/11/15,0,0,0,0,0,0
fb_774,m,71.48,53.15,71,8/12/15,0,0,0,0,0,0
fb_775,m,72.08,53.68,71,8/13/15,0,0,0,0,0,0
fb_776,m,91.27,83.9,138,8/14/15,0,0,0,0,0,0
fb_777,m,91.29,83.99,138,8/15/15,0,0,0,0,0,0
fb_778,m,91.3,84.05,139,8/16/15,0,0,0,0,0,0
fb_779,m,91.3,84.12,140,8/17/15,0,0,0,0,0,0
fb_780,m,91.32,84.29,143,8/18/15,0,0,0,0,0,0
fb_781,m,91.32,84.32,144,8/9/15,0,0,0,0,0,0
fb_782,m,91.33,84.62,147,8/10/15,0,0,0,0,0,0
fb_783,m,91.33,84.74,150,8/11/15,0,0,0,0,0,0
fb_784,m,91.34,84.9,150,8/12/15,0,0,0,0,0,0
fb_785,m,91.36,84.93,152,8/13/15,0,0,0,0,0,0
fb_786,m,91.38,85.27,152,8/14/15,0,0,0,0,0,0
fb_787,m,91.41,85.38,154,8/15/15,0,0,0,0,0,0
fb_788,m,91.41,85.91,158,8/16/15,0,0,0,0,0,0
fb_789,m,91.63,86.11,160,8/17/15,0,0,0,0,0,0
fb_790,m,91.66,86.13,161,8/18/15,0,0,0,0,0,0
fb_791,m,91.83,86.13,162,8/9/15,0,0,0,0,0,0
fb_792,m,91.97,86.22,163,8/10/15,0,0,0,0,0,0
fb_793,m,93.68,86.3,163,8/11/15,0,0,0,0,0,0
fb_794,m,93.97,86.31,163,8/12/15,0,0,0,0,0,0
fb_795,m,93.97,86.33,165,8/13/15,0,0,0,0,0,0
fb_796,m,94.01,86.45,167,8/14/15,0,0,0,0,0,0
fb_797,m,94.02,86.48,170,8/15/15,0,0,0,0,0,0
fb_798,m,94.03,86.62,173,8/16/15,0,0,0,0,0,0
fb_799,m,94.06,86.65,174,8/17/15,0,0,0,0,0,0
fb_800,m,94.15,87.07,178,8/18/15,0,0,0,0,0,0
fb_801,f,70.08,51.15,75,9/8/15,0,0,0,0,0,0
fb_802,f,71.07,51.34,78,9/9/15,0,0,0,0,0,0
fb_803,f,72.32,51.61,78,9/10/15,0,0,0,0,0,0
fb_804,f,72.46,51.86,78,9/11/15,0,0,0,0,0,0
fb_805,f,72.66,52.59,78,9/12/15,0,0,0,0,0,0
fb_806,f,72.73,52.73,78,9/13/15,0,0,0,0,0,0
fb_807,f,72.85,52.8,79,9/14/15,0,0,0,0,0,0
fb_808,f,73,52.81,79,9/15/15,0,0,0,0,0,0
fb_809,f,73.15,52.83,79,9/16/15,0,0,0,0,0,0
fb_810,f,73.31,52.85,80,9/17/15,0,0,0,0,0,0
fb_811,f,73.59,52.86,80,9/8/15,0,0,0,0,0,0
fb_812,f,73.71,52.98,81,9/9/15,0,0,0,0,0,0
fb_813,f,73.82,53.15,82,9/10/15,0,0,0,0,0,0
fb_814,f,74.05,53.18,82,9/11/15,0,0,0,0,0,0
fb_815,f,74.11,53.31,82,9/12/15,0,0,0,0,0,0
fb_816,f,74.22,53.34,83,9/13/15,0,0,0,0,0,0
fb_817,f,74.43,53.65,83,9/14/15,0,0,0,0,0,0
fb_818,f,74.99,53.81,83,9/15/15,0,0,0,0,0,0
fb_819,f,75.04,53.84,84,9/16/15,0,0,0,0,0,0
fb_820,f,75.76,54.78,84,9/17/15,1,0,0,0,9,0
fb_821,f,76.08,57.28,146,9/8/15,0,0,0,0,0,0
fb_822,f,76.11,58.29,150,9/9/15,0,0,0,0,0,0
fb_823,f,76.21,58.81,155,9/10/15,0,0,0,0,0,0
fb_824,f,76.22,58.82,156,9/11/15,0,0,0,0,0,0
fb_825,f,76.25,58.83,157,9/12/15,0,0,0,0,0,0
fb_826,f,76.26,58.83,157,9/13/15,0,0,0,0,0,0
fb_827,f,76.28,58.92,158,9/14/15,0,0,0,0,0,0
fb_828,f,76.28,58.94,161,9/15/15,0,0,0,0,0,0
fb_829,f,76.31,58.97,163,9/16/15,0,0,0,0,0,0
fb_830,f,76.33,59,164,9/17/15,0,0,0,0,0,0
fb_831,f,76.33,59.08,164,9/8/15,0,0,0,0,0,0
fb_832,f,76.34,59.1,164,9/9/15,0,0,0,0,0,0
fb_833,f,76.34,59.11,165,9/10/15,0,0,0,0,0,0
fb_834,f,76.37,59.12,165,9/11/15,0,0,0,0,0,0
fb_835,f,76.39,59.16,166,9/12/15,0,0,0,0,0,0
fb_836,f,76.39,59.2,167,9/13/15,0,0,0,0,0,0
fb_837,f,76.4,59.2,168,9/14/15,0,0,0,0,0,0
fb_838,f,76.44,59.21,169,9/15/15,0,0,0,0,0,0
fb_839,f,76.46,59.22,170,9/16/15,0,0,0,0,0,0
fb_840,f,76.47,59.23,171,9/17/15,0,0,0,0,0,0
fb_841,f,76.48,59.28,172,9/8/15,1,0,0,0,5,0
fb_842,f,76.48,59.42,172,9/9/15,0,0,0,0,0,0
fb_843,f,76.49,59.44,173,9/10/15,0,0,0,0,0,0
fb_844,f,76.49,59.49,173,9/11/15,0,0,0,0,0,0
fb_845,f,76.5,59.5,173,9/12/15,0,0,0,0,0,0
fb_846,f,76.5,59.51,174,9/13/15,0,0,0,0,0,0
fb_847,f,76.5,59.52,174,9/14/15,0,0,0,0,0,0
fb_848,f,76.53,59.6,174,9/15/15,0,0,0,0,0,0
fb_849,f,76.53,59.65,175,9/16/15,0,0,0,0,0,0
fb_850,f,76.54,59.68,175,9/17/15,0,0,0,0,0,0
fb_851,f,76.56,59.84,176,9/8/15,0,0,0,0,0,0
fb_852,f,76.57,59.9,176,9/9/15,0,0,0,0,0,0
fb_853,f,76.59,59.93,177,9/10/15,0,0,0,0,0,0
fb_854,f,76.65,60.04,178,9/11/15,0,0,0,0,0,0
fb_855,f,76.66,60.12,178,9/12/15,0,0,0,0,0,0
fb_856,f,76.69,60.13,178,9/13/15,0,0,0,0,0,0
fb_857,f,76.73,60.14,178,9/14/15,0,0,0,0,0,0
fb_858,f,76.73,60.37,190,9/15/15,0,0,0,0,0,0
fb_859,f,76.74,60.43,191,9/16/15,0,0,0,0,0,0
fb_860,f,76.74,60.44,192,9/17/15,0,0,0,0,0,0
fb_861,m,70.93,50.2,75,9/8/15,0,0,0,0,0,0
fb_862,m,72.38,53.69,77,9/9/15,0,0,0,0,0,0
fb_863,m,72.63,54.09,78,9/10/15,0,0,0,0,0,0
fb_864,m,72.64,54.36,78,9/11/15,0,0,0,0,0,0
fb_865,m,72.69,54.74,78,9/12/15,0,0,0,0,0,0
fb_866,m,72.81,54.75,79,9/13/15,1,0,0,0,17,0
fb_867,m,72.84,54.83,79,9/14/15,0,0,0,0,0,0
fb_868,m,73.3,55.34,79,9/15/15,0,0,0,0,0,0
fb_869,m,74.41,55.89,79,9/16/15,0,0,0,0,0,0
fb_870,m,74.52,55.94,80,9/17/15,0,0,0,0,0,0
fb_871,m,74.69,56.34,80,9/8/15,0,0,0,0,0,0
fb_872,m,74.93,56.92,81,9/9/15,0,0,0,0,0,0
fb_873,m,75.14,57.12,81,9/10/15,0,0,0,0,0,0
fb_874,m,75.18,57.65,82,9/11/15,0,0,0,0,0,0
fb_875,m,75.78,58.18,83,9/12/15,0,0,0,0,0,0
fb_876,m,91.33,84.62,149,9/13/15,1,0,0,0,6,0
fb_877,m,91.33,84.74,149,9/14/15,0,0,0,0,0,0
fb_878,m,91.34,84.9,150,9/15/15,0,0,0,0,0,0
fb_879,m,91.36,84.93,151,9/16/15,0,0,0,0,0,0
fb_880,m,91.38,85.27,154,9/17/15,0,0,0,0,0,0
fb_881,m,91.41,85.38,155,9/8/15,0,0,0,0,0,0
fb_882,m,91.41,85.91,158,9/9/15,0,0,0,0,0,0
fb_883,m,91.63,86.11,162,9/10/15,0,0,0,0,0,0
fb_884,m,91.66,86.13,162,9/11/15,0,0,0,0,0,0
fb_885,m,91.83,86.13,163,9/12/15,0,0,0,0,0,0
fb_886,m,91.97,86.22,164,9/13/15,0,0,0,0,0,0
fb_887,m,93.68,86.3,165,9/14/15,0,0,0,0,0,0
fb_888,m,93.97,86.31,169,9/15/15,0,0,0,0,0,0
fb_889,m,93.97,86.33,171,9/16/15,0,0,0,0,0,0
fb_890,m,94.01,86.45,172,9/17/15,1,0,0,0,4,0
fb_891,m,94.02,86.48,173,9/8/15,0,0,0,0,0,0
fb_892,m,94.03,86.62,174,9/9/15,0,0,0,0,0,0
fb_893,m,94.06,86.65,175,9/10/15,0,0,0,0,0,0
fb_894,m,94.07,87.07,175,9/11/15,0,0,0,0,0,0
fb_895,m,94.09,87.1,176,9/12/15,0,0,0,0,0,0
fb_896,m,94.1,87.19,178,9/13/15,0,0,0,0,0,0
fb_897,m,94.1,87.25,181,9/14/15,0,0,0,0,0,0
fb_898,m,94.12,87.32,184,9/15/15,0,0,0,0,0,0
fb_899,m,94.12,87.49,185,9/16/15,0,0,0,0,0,0
fb_900,m,94.15,87.52,189,9/17/15,0,0,0,0,0,0
fb_901,f,73.71,55.06,86,10/8/15,0,0,0,0,0,0
fb_902,f,74.68,55.08,89,10/9/15,0,0,0,0,0,0
fb_903,f,74.7,55.09,89,10/10/15,0,0,0,0,0,0
fb_904,f,74.84,55.21,89,10/11/15,0,0,0,0,0,0
fb_905,f,75.12,55.31,89,10/12/15,0,0,0,0,0,0
fb_906,f,75.24,55.38,90,10/13/15,0,0,0,0,0,0
fb_907,f,75.35,55.41,90,10/14/15,0,0,0,0,0,0
fb_908,f,75.58,55.5,90,10/15/15,1,0,0,0,12,0
fb_909,f,75.64,55.54,90,10/16/15,0,0,0,0,0,0
fb_910,f,75.75,55.57,91,10/17/15,1,0,0,0,14,0
fb_911,f,75.95,55.77,91,10/8/15,0,0,0,0,0,0
fb_912,f,75.96,55.88,92,10/9/15,0,0,0,0,0,0
fb_913,f,76.08,56.02,93,10/10/15,0,0,0,0,0,0
fb_914,f,76.09,56.04,93,10/11/15,0,0,0,0,0,0
fb_915,f,76.11,56.07,93,10/12/15,0,0,0,0,0,0
fb_916,f,76.21,56.75,94,10/13/15,0,0,0,0,0,0
fb_917,f,76.22,56.89,94,10/14/15,0,0,0,0,0,0
fb_918,f,76.25,56.96,94,10/15/15,0,0,0,0,0,0
fb_919,f,76.26,56.97,95,10/16/15,0,0,0,0,0,0
fb_920,f,76.28,57.01,95,10/17/15,0,0,0,0,0,0
fb_921,f,76.28,57.28,157,10/8/15,0,0,0,0,0,0
fb_922,f,76.29,58.29,161,10/9/15,0,0,0,0,0,0
fb_923,f,76.31,58.81,166,10/10/15,0,0,0,0,0,0
fb_924,f,76.33,58.82,167,10/11/15,0,0,0,0,0,0
fb_925,f,76.33,58.83,168,10/12/15,0,0,0,0,0,0
fb_926,f,76.34,58.83,168,10/13/15,0,0,0,0,0,0
fb_927,f,76.34,58.92,169,10/14/15,0,0,0,0,0,0
fb_928,f,76.36,58.94,172,10/15/15,0,0,0,0,0,0
fb_929,f,76.37,58.97,174,10/16/15,0,0,0,0,0,0
fb_930,f,76.39,59,175,10/17/15,0,0,0,0,0,0
fb_931,f,76.39,59.08,175,10/8/15,0,0,0,0,0,0
fb_932,f,76.4,59.1,175,10/9/15,0,0,0,0,0,0
fb_933,f,76.44,59.11,176,10/10/15,0,0,0,0,0,0
fb_934,f,76.46,59.12,176,10/11/15,0,0,0,0,0,0
fb_935,f,76.47,59.16,177,10/12/15,0,0,0,0,0,0
fb_936,f,76.48,59.2,178,10/13/15,0,0,0,0,0,0
fb_937,f,76.48,59.2,179,10/14/15,0,0,0,0,0,0
fb_938,f,76.48,59.21,180,10/15/15,0,0,0,0,0,0
fb_939,f,76.49,59.22,181,10/16/15,0,0,0,0,0,0
fb_940,f,76.49,59.23,182,10/17/15,1,0,0,0,6,0
fb_941,f,76.5,59.28,183,10/8/15,0,0,0,0,0,0
fb_942,f,76.5,59.42,183,10/9/15,0,0,0,0,0,0
fb_943,f,76.5,59.44,184,10/10/15,0,0,0,0,0,0
fb_944,f,76.52,59.49,184,10/11/15,0,0,0,0,0,0
fb_945,f,76.53,59.5,185,10/12/15,0,0,0,0,0,0
fb_946,f,76.53,59.51,185,10/13/15,0,0,0,0,0,0
fb_947,f,76.54,59.52,186,10/14/15,0,0,0,0,0,0
fb_948,f,76.56,59.6,186,10/15/15,0,0,0,0,0,0
fb_949,f,76.57,59.65,186,10/16/15,0,0,0,0,0,0
fb_950,f,76.57,59.68,186,10/17/15,0,0,0,0,0,0
fb_951,f,76.59,59.84,187,10/8/15,0,0,0,0,0,0
fb_952,f,76.63,59.9,187,10/9/15,0,0,0,0,0,0
fb_953,f,76.65,59.93,188,10/10/15,0,0,0,0,0,0
fb_954,f,76.66,60.04,189,10/11/15,0,0,0,0,0,0
fb_955,f,76.69,60.12,189,10/12/15,0,0,0,0,0,0
fb_956,f,76.73,60.13,189,10/13/15,0,0,0,0,0,0
fb_957,f,76.73,60.14,190,10/14/15,0,0,0,0,0,0
fb_958,f,76.74,60.37,201,10/15/15,0,0,0,0,0,0
fb_959,f,76.74,60.43,202,10/16/15,0,0,0,0,0,0
fb_960,f,77.29,60.44,203,10/17/15,0,0,0,0,0,0
fb_961,m,74.63,54.7,86,10/8/15,1,0,0,0,9,0
fb_962,m,76.08,58.19,88,10/9/15,0,0,0,0,0,0
fb_963,m,76.33,58.59,89,10/10/15,0,0,0,0,0,0
fb_964,m,76.34,58.86,89,10/11/15,0,0,0,0,0,0
fb_965,m,76.39,59.24,89,10/12/15,0,0,0,0,0,0
fb_966,m,76.51,59.25,90,10/13/15,1,0,0,0,11,0
fb_967,m,76.54,59.33,90,10/14/15,0,0,0,0,0,0
fb_968,m,77,59.84,90,10/15/15,0,0,0,0,0,0
fb_969,m,78.11,60.39,91,10/16/15,0,0,0,0,0,0
fb_970,m,78.22,60.44,91,10/17/15,0,0,0,0,0,0
fb_971,m,78.39,60.84,91,10/8/15,1,0,0,0,9,0
fb_972,m,78.63,61.42,92,10/9/15,0,0,0,0,0,0
fb_973,m,78.84,61.62,93,10/10/15,0,0,0,0,0,0
fb_974,m,78.88,62.15,93,10/11/15,0,0,0,0,0,0
fb_975,m,79.48,62.68,94,10/12/15,0,0,0,0,0,0
fb_976,m,91.33,84.62,160,10/13/15,0,0,0,0,0,0
fb_977,m,91.33,84.74,161,10/14/15,0,0,0,0,0,0
fb_978,m,91.34,84.9,161,10/15/15,0,0,0,0,0,0
fb_979,m,91.36,84.93,162,10/16/15,0,0,0,0,0,0
fb_980,m,91.38,85.27,165,10/17/15,0,0,0,0,0,0
fb_981,m,91.41,85.38,166,10/8/15,0,0,0,0,0,0
fb_982,m,91.41,85.91,169,10/9/15,0,0,0,0,0,0
fb_983,m,91.63,86.11,173,10/10/15,0,0,0,0,0,0
fb_984,m,91.66,86.13,173,10/11/15,0,0,0,0,0,0
fb_985,m,91.83,86.13,174,10/12/15,0,0,0,0,0,0
fb_986,m,91.97,86.22,175,10/13/15,0,0,0,0,0,0
fb_987,m,93.68,86.3,176,10/14/15,0,0,0,0,0,0
fb_988,m,93.97,86.31,181,10/15/15,0,0,0,0,0,0
fb_989,m,93.97,86.33,182,10/16/15,0,0,0,0,0,0
fb_990,m,94.01,86.45,183,10/17/15,0,0,0,0,0,0
fb_991,m,94.02,86.48,184,10/8/15,0,0,0,0,0,0
fb_992,m,94.03,86.62,185,10/9/15,0,0,0,0,0,0
fb_993,m,94.06,86.65,186,10/10/15,0,0,0,0,0,0
fb_994,m,94.07,87.07,186,10/11/15,0,0,0,0,0,0
fb_995,m,94.09,87.1,187,10/12/15,0,0,0,0,0,0
fb_996,m,94.1,87.19,189,10/13/15,0,0,0,0,0,0
fb_997,m,94.1,87.25,193,10/14/15,0,0,0,0,0,0
fb_998,m,94.12,87.32,195,10/15/15,0,0,0,0,0,0
fb_999,m,94.12,87.49,196,10/16/15,0,0,0,0,0,0
fb_1000,m,94.15,87.52,201,10/17/15,0,0,0,0,0,0
fb_1001,f,75.24,57.28,98,11/7/15,0,0,0,0,0,0
fb_1002,f,76.21,57.29,100,11/8/15,0,0,0,0,0,0
fb_1003,f,76.23,57.31,100,11/9/15,0,0,0,0,0,0
fb_1004,f,76.28,57.32,100,11/10/15,0,0,0,0,0,0
fb_1005,f,76.29,57.44,101,11/11/15,0,0,0,0,0,0
fb_1006,f,76.31,57.54,101,11/12/15,0,0,0,0,0,0
fb_1007,f,76.33,57.57,101,11/13/15,0,0,0,0,0,0
fb_1008,f,76.33,57.6,101,11/14/15,0,0,0,0,0,0
fb_1009,f,76.34,57.61,101,11/15/15,0,0,0,0,0,0
fb_1010,f,76.34,57.64,102,11/16/15,0,0,0,0,0,0
fb_1011,f,76.36,57.73,102,11/7/15,0,0,0,0,0,0
fb_1012,f,76.37,57.8,103,11/8/15,0,0,0,0,0,0
fb_1013,f,76.37,57.91,104,11/9/15,0,0,0,0,0,0
fb_1014,f,76.39,58.05,104,11/10/15,0,0,0,0,0,0
fb_1015,f,76.39,58.07,105,11/11/15,0,0,0,0,0,0
fb_1016,f,76.4,58.1,105,11/12/15,1,0,0,0,4,0
fb_1017,f,76.44,58.29,105,11/13/15,0,0,0,0,0,0
fb_1018,f,76.46,58.78,106,11/14/15,0,0,0,0,0,0
fb_1019,f,76.47,58.81,106,11/15/15,0,0,0,0,0,0
fb_1020,f,76.48,58.82,106,11/16/15,0,0,0,0,0,0
fb_1021,f,76.48,58.83,168,11/7/15,0,0,0,0,0,0
fb_1022,f,76.48,58.83,172,11/8/15,0,0,0,0,0,0
fb_1023,f,76.49,58.92,177,11/9/15,0,0,0,0,0,0
fb_1024,f,76.49,58.92,178,11/10/15,0,0,0,0,0,0
fb_1025,f,76.5,58.94,179,11/11/15,0,0,0,0,0,0
fb_1026,f,76.5,58.97,180,11/12/15,0,0,0,0,0,0
fb_1027,f,76.5,58.99,180,11/13/15,0,0,0,0,0,0
fb_1028,f,76.52,59,183,11/14/15,0,0,0,0,0,0
fb_1029,f,76.53,59,185,11/15/15,0,0,0,0,0,0
fb_1030,f,76.53,59.04,186,11/16/15,0,0,0,0,0,0
fb_1031,f,76.54,59.08,186,11/7/15,0,0,0,0,0,0
fb_1032,f,76.56,59.1,187,11/8/15,0,0,0,0,0,0
fb_1033,f,76.57,59.11,187,11/9/15,0,0,0,0,0,0
fb_1034,f,76.57,59.12,187,11/10/15,0,0,0,0,0,0
fb_1035,f,76.59,59.16,188,11/11/15,0,0,0,0,0,0
fb_1036,f,76.63,59.2,189,11/12/15,0,0,0,0,0,0
fb_1037,f,76.65,59.2,190,11/13/15,0,0,0,0,0,0
fb_1038,f,76.65,59.21,191,11/14/15,0,0,0,0,0,0
fb_1039,f,76.66,59.22,193,11/15/15,0,0,0,0,0,0
fb_1040,f,76.69,59.23,193,11/16/15,0,0,0,0,0,0
fb_1041,f,76.73,59.28,194,11/7/15,0,0,0,0,0,0
fb_1042,f,76.73,59.42,195,11/8/15,0,0,0,0,0,0
fb_1043,f,76.74,59.44,195,11/9/15,0,0,0,0,0,0
fb_1044,f,76.74,59.49,195,11/10/15,0,0,0,0,0,0
fb_1045,f,76.77,59.5,196,11/11/15,0,0,0,0,0,0
fb_1046,f,76.88,59.51,196,11/12/15,0,0,0,0,0,0
fb_1047,f,76.97,59.52,197,11/13/15,1,0,0,0,6,0
fb_1048,f,77.08,59.6,197,11/14/15,0,0,0,0,0,0
fb_1049,f,77.11,59.65,197,11/15/15,0,0,0,0,0,0
fb_1050,f,77.28,59.68,198,11/16/15,0,0,0,0,0,0
fb_1051,f,77.29,59.84,198,11/7/15,0,0,0,0,0,0
fb_1052,f,77.29,59.9,198,11/8/15,0,0,0,0,0,0
fb_1053,f,77.41,59.93,199,11/9/15,0,0,0,0,0,0
fb_1054,f,77.42,60.04,200,11/10/15,0,0,0,0,0,0
fb_1055,f,77.44,60.12,200,11/11/15,0,0,0,0,0,0
fb_1056,f,77.54,60.13,201,11/12/15,0,0,0,0,0,0
fb_1057,f,77.55,60.14,201,11/13/15,0,0,0,0,0,0
fb_1058,f,77.58,60.37,212,11/14/15,0,0,0,0,0,0
fb_1059,f,77.59,60.43,213,11/15/15,0,0,0,0,0,0
fb_1060,f,77.61,60.44,214,11/16/15,0,0,0,0,0,0
fb_1061,m,78.33,59.2,97,11/7/15,0,0,0,0,0,0
fb_1062,m,79.78,62.69,100,11/8/15,0,0,0,0,0,0
fb_1063,m,80.03,63.09,100,11/9/15,0,0,0,0,0,0
fb_1064,m,80.04,63.36,100,11/10/15,0,0,0,0,0,0
fb_1065,m,80.09,63.74,100,11/11/15,0,0,0,0,0,0
fb_1066,m,80.21,63.75,101,11/12/15,1,0,0,0,9,0
fb_1067,m,80.24,63.83,101,11/13/15,0,0,0,0,0,0
fb_1068,m,80.7,64.34,101,11/14/15,0,0,0,0,0,0
fb_1069,m,81.61,64.39,102,11/15/15,0,0,0,0,0,0
fb_1070,m,81.72,64.44,102,11/16/15,0,0,0,0,0,0
fb_1071,m,81.89,64.84,102,11/7/15,0,0,0,0,0,0
fb_1072,m,82.13,65.42,103,11/8/15,0,0,0,0,0,0
fb_1073,m,82.34,65.62,104,11/9/15,1,0,0,0,9,0
fb_1074,m,82.38,66.15,104,11/10/15,0,0,0,0,0,0
fb_1075,m,82.98,66.68,105,11/11/15,0,0,0,0,0,0
fb_1076,m,91.33,84.62,172,11/12/15,0,0,0,0,0,0
fb_1077,m,91.33,84.74,172,11/13/15,0,0,0,0,0,0
fb_1078,m,91.34,84.9,172,11/14/15,0,0,0,0,0,0
fb_1079,m,91.36,84.93,173,11/15/15,1,0,0,0,3,0
fb_1080,m,91.38,85.27,176,11/16/15,0,0,0,0,0,0
fb_1081,m,91.41,85.38,177,11/7/15,0,0,0,0,0,0
fb_1082,m,91.41,85.91,180,11/8/15,0,0,0,0,0,0
fb_1083,m,91.63,86.11,184,11/9/15,0,0,0,0,0,0
fb_1084,m,91.66,86.13,184,11/10/15,0,0,0,0,0,0
fb_1085,m,91.83,86.13,186,11/11/15,0,0,0,0,0,0
fb_1086,m,91.97,86.22,186,11/12/15,0,0,0,0,0,0
fb_1087,m,93.68,86.3,187,11/13/15,0,0,0,0,0,0
fb_1088,m,93.97,86.31,192,11/14/15,0,0,0,0,0,0
fb_1089,m,93.97,86.33,193,11/15/15,0,0,0,0,0,0
fb_1090,m,94.01,86.45,195,11/16/15,0,0,0,0,0,0
fb_1091,m,94.02,86.48,195,11/7/15,0,0,0,0,0,0
fb_1092,m,94.03,86.62,197,11/8/15,0,0,0,0,0,0
fb_1093,m,94.06,86.65,197,11/9/15,0,0,0,0,0,0
fb_1094,m,94.07,87.07,197,11/10/15,0,0,0,0,0,0
fb_1095,m,94.09,87.1,199,11/11/15,0,0,0,0,0,0
fb_1096,m,94.1,87.19,200,11/12/15,0,0,0,0,0,0
fb_1097,m,94.1,87.25,204,11/13/15,0,0,0,0,0,0
fb_1098,m,94.12,87.32,206,11/14/15,0,0,0,0,0,0
fb_1099,m,94.12,87.49,207,11/15/15,0,0,0,0,0,0
fb_1100,m,94.15,87.52,212,11/16/15,0,0,0,0,0,0
fb_1101,f,76.48,58.83,109,12/7/15,0,0,0,0,0,0
fb_1102,f,76.48,58.83,111,12/8/15,1,0,0,0,10,0
fb_1103,f,76.49,58.92,111,12/9/15,0,0,0,0,0,0
fb_1104,f,76.49,58.92,111,12/10/15,0,0,0,0,0,0
fb_1105,f,76.5,58.94,112,12/11/15,0,0,0,0,0,0
fb_1106,f,76.5,58.97,112,12/12/15,0,0,0,0,0,0
fb_1107,f,76.5,58.99,112,12/13/15,0,0,0,0,0,0
fb_1108,f,76.52,59,112,12/14/15,0,0,0,0,0,0
fb_1109,f,76.53,59,112,12/15/15,0,0,0,0,0,0
fb_1110,f,76.53,59.04,113,12/16/15,0,0,0,0,0,0
fb_1111,f,76.54,59.08,113,12/7/15,1,0,0,0,3,0
fb_1112,f,76.56,59.1,114,12/8/15,0,0,0,0,0,0
fb_1113,f,76.57,59.11,115,12/9/15,0,0,0,0,0,0
fb_1114,f,76.57,59.12,115,12/10/15,0,0,0,0,0,0
fb_1115,f,76.57,59.16,116,12/11/15,0,0,0,0,0,0
fb_1116,f,76.59,59.2,116,12/12/15,0,0,0,0,0,0
fb_1117,f,76.63,59.2,116,12/13/15,0,0,0,0,0,0
fb_1118,f,76.65,59.21,117,12/14/15,0,0,0,0,0,0
fb_1119,f,76.65,59.22,117,12/15/15,0,0,0,0,0,0
fb_1120,f,76.66,59.23,117,12/16/15,0,0,0,0,0,0
fb_1121,f,76.69,59.28,179,12/7/15,0,0,0,0,0,0
fb_1122,f,76.73,59.31,183,12/8/15,0,0,0,0,0,0
fb_1123,f,76.73,59.32,188,12/9/15,0,0,0,0,0,0
fb_1124,f,76.74,59.34,189,12/10/15,0,0,0,0,0,0
fb_1125,f,76.74,59.35,190,12/11/15,1,0,0,0,6,0
fb_1126,f,76.77,59.42,191,12/12/15,0,0,0,0,0,0
fb_1127,f,76.88,59.44,191,12/13/15,0,0,0,0,0,0
fb_1128,f,76.97,59.44,194,12/14/15,0,0,0,0,0,0
fb_1129,f,77.08,59.47,196,12/15/15,0,0,0,0,0,0
fb_1130,f,77.11,59.47,198,12/16/15,0,0,0,0,0,0
fb_1131,f,77.28,59.49,198,12/7/15,0,0,0,0,0,0
fb_1132,f,77.29,59.5,198,12/8/15,0,0,0,0,0,0
fb_1133,f,77.29,59.51,198,12/9/15,0,0,0,0,0,0
fb_1134,f,77.41,59.52,198,12/10/15,0,0,0,0,0,0
fb_1135,f,77.42,59.56,200,12/11/15,0,0,0,0,0,0
fb_1136,f,77.44,59.57,200,12/12/15,0,0,0,0,0,0
fb_1137,f,77.47,59.6,201,12/13/15,1,0,0,0,3,0
fb_1138,f,77.47,59.6,202,12/14/15,0,0,0,0,0,0
fb_1139,f,77.49,59.63,204,12/15/15,0,0,0,0,0,0
fb_1140,f,77.5,59.63,204,12/16/15,0,0,0,0,0,0
fb_1141,f,77.5,59.65,205,12/7/15,0,0,0,0,0,0
fb_1142,f,77.52,59.68,206,12/8/15,0,0,0,0,0,0
fb_1143,f,77.52,59.74,206,12/9/15,0,0,0,0,0,0
fb_1144,f,77.53,59.84,206,12/10/15,0,0,0,0,0,0
fb_1145,f,77.54,59.88,207,12/11/15,0,0,0,0,0,0
fb_1146,f,77.54,59.9,207,12/12/15,0,0,0,0,0,0
fb_1147,f,77.55,59.9,208,12/13/15,0,0,0,0,0,0
fb_1148,f,77.56,59.93,208,12/14/15,0,0,0,0,0,0
fb_1149,f,77.57,59.93,208,12/15/15,0,0,0,0,0,0
fb_1150,f,77.58,60.04,209,12/16/15,0,0,0,0,0,0
fb_1151,f,77.59,60.12,209,12/7/15,0,0,0,0,0,0
fb_1152,f,77.59,60.12,209,12/8/15,0,0,0,0,0,0
fb_1153,f,77.6,60.13,210,12/9/15,0,0,0,0,0,0
fb_1154,f,77.61,60.14,211,12/10/15,0,0,0,0,0,0
fb_1155,f,77.61,60.37,211,12/11/15,0,0,0,0,0,0
fb_1156,f,77.61,60.43,212,12/12/15,0,0,0,0,0,0
fb_1157,f,77.62,60.44,212,12/13/15,0,0,0,0,0,0
fb_1158,f,77.64,60.61,217,12/14/15,0,0,0,0,0,0
fb_1159,f,77.66,60.64,218,12/15/15,0,0,0,0,0,0
fb_1160,f,77.66,60.65,219,12/16/15,1,0,0,0,4,0
fb_1161,m,81.83,63.2,108,12/7/15,0,0,0,0,0,0
fb_1162,m,83.28,66.69,111,12/8/15,0,0,0,0,0,0
fb_1163,m,83.53,67.09,111,12/9/15,0,0,0,0,0,0
fb_1164,m,83.54,67.36,111,12/10/15,0,0,0,0,0,0
fb_1165,m,83.59,67.74,112,12/11/15,0,0,0,0,0,0
fb_1166,m,83.71,67.75,112,12/12/15,0,0,0,0,0,0
fb_1167,m,83.74,67.83,112,12/13/15,0,0,0,0,0,0
fb_1168,m,84.2,68.19,112,12/14/15,0,0,0,0,0,0
fb_1169,m,84.91,68.24,113,12/15/15,0,0,0,0,0,0
fb_1170,m,85.02,68.34,113,12/16/15,0,0,0,0,0,0
fb_1171,m,85.19,68.64,113,12/7/15,0,0,0,0,0,0
fb_1172,m,85.43,69.22,114,12/8/15,0,0,0,0,0,0
fb_1173,m,85.64,69.42,115,12/9/15,0,0,0,0,0,0
fb_1174,m,85.68,69.95,115,12/10/15,0,0,0,0,0,0
fb_1175,m,86.28,70.48,116,12/11/15,0,0,0,0,0,0
fb_1176,m,91.33,84.62,221,12/12/15,0,0,0,0,0,0
fb_1177,m,91.33,84.74,183,12/13/15,0,0,0,0,0,0
fb_1178,m,91.34,84.9,183,12/14/15,0,0,0,0,0,0
fb_1179,m,91.36,84.93,184,12/15/15,0,0,0,0,0,0
fb_1180,m,91.38,85.27,187,12/16/15,0,0,0,0,0,0
fb_1181,m,91.41,85.38,188,12/7/15,0,0,0,0,0,0
fb_1182,m,91.41,85.91,191,12/8/15,0,0,0,0,0,0
fb_1183,m,91.63,86.11,195,12/9/15,0,0,0,0,0,0
fb_1184,m,91.66,86.13,195,12/10/15,0,0,0,0,0,0
fb_1185,m,91.83,86.13,197,12/11/15,0,0,0,0,0,0
fb_1186,m,91.97,86.22,197,12/12/15,0,0,0,0,0,0
fb_1187,m,93.68,86.3,198,12/13/15,0,0,0,0,0,0
fb_1188,m,93.97,86.31,203,12/14/15,0,0,0,0,0,0
fb_1189,m,93.97,86.33,204,12/15/15,0,0,0,0,0,0
fb_1190,m,94.01,86.45,206,12/16/15,0,0,0,0,0,0
fb_1191,m,94.02,86.48,206,12/7/15,0,0,0,0,0,0
fb_1192,m,94.03,86.62,208,12/8/15,0,0,0,0,0,0
fb_1193,m,94.06,86.65,208,12/9/15,0,0,0,0,0,0
fb_1194,m,94.07,87.07,208,12/10/15,0,0,0,0,0,0
fb_1195,m,94.09,87.1,210,12/11/15,0,0,0,0,0,0
fb_1196,m,94.1,87.19,211,12/12/15,0,0,0,0,0,0
fb_1197,m,94.1,87.25,214,12/13/15,0,0,0,0,0,0
fb_1198,m,94.12,87.32,215,12/14/15,0,0,0,0,0,0
fb_1199,m,94.12,87.49,216,12/15/15,0,0,0,0,0,0
fb_1200,m,94.15,87.52,217,12/16/15,0,0,0,0,0,0