<metadata xml:lang="en"><Esri><CreaDate>20170803</CreaDate><CreaTime>11432800</CreaTime><ArcGISFormat>1.0</ArcGISFormat><SyncOnce>FALSE</SyncOnce><DataProperties><lineage><Process ToolSource="c:\program files (x86)\arcgis\desktop10.5\ArcToolbox\Toolboxes\Data Management Tools.tbx\Rename" Date="20170803" Time="114328">Rename E:\WORLDPOP\Births_Pregnancies\DataIn\births_adjusted.gdb\MDG_b_adj E:\WORLDPOP\Births_Pregnancies\DataIn\births_adjusted.gdb\MDG_births_pp_v1_2015 RasterDataset</Process><Process ToolSource="c:\program files (x86)\arcgis\desktop10.5\ArcToolbox\Toolboxes\Data Management Tools.tbx\CopyRaster" Date="20170804" Time="123433">CopyRaster E:\WORLDPOP\Births_Pregnancies\DataIn\births_adjusted.gdb\MDG_births_pp_v1_2015 E:\WORLDPOP\Births_Pregnancies\DataOut\births_tif\MDG_births_pp_v1_2015.tif # # -3.402823e+038 NONE NONE # NONE NONE TIFF NONE</Process><Process ToolSource="c:\program files (x86)\arcgis\desktop10.5\ArcToolbox\Toolboxes\Data Management Tools.tbx\Rename" Date="20170923" Time="210550">Rename E:\WORLDPOP\Births_Pregnancies\DataOut\births_tif_v2\MDG_births_pp_v1_2015.tif E:\WORLDPOP\Births_Pregnancies\DataOut\births_tif_v2\MDG_births_pp_v2_2015.tif RasterDataset</Process></lineage><itemProps><itemName Sync="TRUE">MDG_births_pp_v1_2015.tif</itemName><itemLocation><linkage Sync="TRUE">file://E:\WORLDPOP\Births_Pregnancies\DataOut\births_tif\MDG_births_pp_v1_2015.tif</linkage><protocol Sync="TRUE">Local Area Network</protocol></itemLocation><imsContentType Sync="TRUE">002</imsContentType><nativeExtBox><westBL Sync="TRUE">43.182916</westBL><eastBL Sync="TRUE">50.491249</eastBL><southBL Sync="TRUE">-25.608750</southBL><northBL Sync="TRUE">-11.942083</northBL><exTypeCode Sync="TRUE">1</exTypeCode></nativeExtBox></itemProps><coordRef><type Sync="TRUE">Geographic</type><geogcsn Sync="TRUE">GCS_WGS_1984</geogcsn><csUnits Sync="TRUE">Angular Unit: Degree (0.017453)</csUnits><peXml Sync="TRUE">&lt;GeographicCoordinateSystem xsi:type='typens:GeographicCoordinateSystem' xmlns:xsi='http://www.w3.org/2001/XMLSchema-instance' xmlns:xs='http://www.w3.org/2001/XMLSchema' xmlns:typens='http://www.esri.com/schemas/ArcGIS/10.5'&gt;&lt;WKT&gt;GEOGCS[&amp;quot;GCS_WGS_1984&amp;quot;,DATUM[&amp;quot;D_WGS_1984&amp;quot;,SPHEROID[&amp;quot;WGS_1984&amp;quot;,6378137.0,298.257223563]],PRIMEM[&amp;quot;Greenwich&amp;quot;,0.0],UNIT[&amp;quot;Degree&amp;quot;,0.0174532925199433],AUTHORITY[&amp;quot;EPSG&amp;quot;,4326]]&lt;/WKT&gt;&lt;XOrigin&gt;-400&lt;/XOrigin&gt;&lt;YOrigin&gt;-400&lt;/YOrigin&gt;&lt;XYScale&gt;11258999068426.238&lt;/XYScale&gt;&lt;ZOrigin&gt;-100000&lt;/ZOrigin&gt;&lt;ZScale&gt;10000&lt;/ZScale&gt;&lt;MOrigin&gt;-100000&lt;/MOrigin&gt;&lt;MScale&gt;10000&lt;/MScale&gt;&lt;XYTolerance&gt;8.983152841195215e-009&lt;/XYTolerance&gt;&lt;ZTolerance&gt;0.001&lt;/ZTolerance&gt;&lt;MTolerance&gt;0.001&lt;/MTolerance&gt;&lt;HighPrecision&gt;true&lt;/HighPrecision&gt;&lt;LeftLongitude&gt;-180&lt;/LeftLongitude&gt;&lt;WKID&gt;4326&lt;/WKID&gt;&lt;LatestWKID&gt;4326&lt;/LatestWKID&gt;&lt;/GeographicCoordinateSystem&gt;</peXml></coordRef><RasterProperties><General><PixelDepth Sync="TRUE">32</PixelDepth><HasColormap Sync="TRUE">FALSE</HasColormap><CompressionType Sync="TRUE">LZW</CompressionType><NumBands Sync="TRUE">1</NumBands><Format Sync="TRUE">TIFF</Format><HasPyramids Sync="TRUE">TRUE</HasPyramids><SourceType Sync="TRUE">continuous</SourceType><PixelType Sync="TRUE">floating point</PixelType><NoDataValue Sync="TRUE">-3.4028231e+038</NoDataValue></General></RasterProperties></DataProperties><SyncDate>20170804</SyncDate><SyncTime>12343300</SyncTime><ModDate>20170804</ModDate><ModTime>12343300</ModTime></Esri><dataIdInfo><envirDesc Sync="TRUE">Microsoft Windows 7 Version 6.1 (Build 7601) Service Pack 1; Esri ArcGIS 10.5.0.6491</envirDesc><dataLang><languageCode value="eng" Sync="TRUE"></languageCode><countryCode value="GBR" Sync="TRUE"></countryCode></dataLang><idCitation><resTitle Sync="TRUE">MDG_births_pp_v1_2015.tif</resTitle><presForm><PresFormCd value="005" Sync="TRUE"></PresFormCd></presForm></idCitation><spatRpType><SpatRepTypCd value="002" Sync="TRUE"></SpatRepTypCd></spatRpType><dataExt><geoEle><GeoBndBox esriExtentType="search"><exTypeCode Sync="TRUE">1</exTypeCode><westBL Sync="TRUE">43.182916</westBL><eastBL Sync="TRUE">50.491249</eastBL><northBL Sync="TRUE">-11.942083</northBL><southBL Sync="TRUE">-25.608750</southBL></GeoBndBox></geoEle></dataExt></dataIdInfo><mdLang><languageCode value="eng" Sync="TRUE"></languageCode><countryCode value="GBR" Sync="TRUE"></countryCode></mdLang><distInfo><distFormat><formatName Sync="TRUE">Raster Dataset</formatName></distFormat></distInfo><mdHrLv><ScopeCd value="005" Sync="TRUE"></ScopeCd></mdHrLv><mdHrLvName Sync="TRUE">dataset</mdHrLvName><refSysInfo><RefSystem><refSysID><identCode code="4326" Sync="TRUE"></identCode><idCodeSpace Sync="TRUE">EPSG</idCodeSpace><idVersion Sync="TRUE">6.14(3.0.1)</idVersion></refSysID></RefSystem></refSysInfo><spatRepInfo><Georect><cellGeo><CellGeoCd Sync="TRUE" value="002"></CellGeoCd></cellGeo><numDims Sync="TRUE">2</numDims><tranParaAv Sync="TRUE">1</tranParaAv><chkPtAv Sync="TRUE">0</chkPtAv><cornerPts><pos Sync="TRUE">43.182916 -25.608750</pos></cornerPts><cornerPts><pos Sync="TRUE">43.182916 -11.942083</pos></cornerPts><cornerPts><pos Sync="TRUE">50.491249 -11.942083</pos></cornerPts><cornerPts><pos Sync="TRUE">50.491249 -25.608750</pos></cornerPts><centerPt><pos Sync="TRUE">46.837082 -18.775416</pos></centerPt><axisDimension type="002"><dimSize Sync="TRUE">877</dimSize><dimResol><value Sync="TRUE" uom="deg">0.008333</value></dimResol></axisDimension><axisDimension type="001"><dimSize Sync="TRUE">1640</dimSize><dimResol><value Sync="TRUE" uom="deg">0.008333</value></dimResol></axisDimension><ptInPixel><PixOrientCd Sync="TRUE" value="001"></PixOrientCd></ptInPixel></Georect></spatRepInfo><contInfo><ImgDesc><contentTyp><ContentTypCd Sync="TRUE" value="001"></ContentTypCd></contentTyp><covDim><Band><dimDescrp Sync="TRUE">Lookup_Nibb12</dimDescrp><maxVal Sync="TRUE">1785.984497</maxVal><minVal Sync="TRUE">0.000000</minVal><bitsPerVal Sync="TRUE">32</bitsPerVal><valUnit><UOM type="length"></UOM></valUnit></Band></covDim></ImgDesc></contInfo><mdDateSt Sync="TRUE">20170804</mdDateSt></metadata>
